,Date,Tournament,Team,OpponentTeam,W/L,Blue,Red,Side,Length,Champion,Vs,K,D,A,KDA,CS,Gold(thousand),Dmg,CSD,SpellD,SpellF,Items,Item1,Item2,Item3,Item4,Item5,Item6
0,2015-11-13,KeSPA Cup 2015,SK Telecom T1,ESC Ever,Loss,ESC Ever,SK Telecom T1,Red,44:13,Lissandra,Gangplank,7,6,2,1.5,382,18.3,,-39,Ignite,Flash,"[""Zhonya's Hourglass"", 'Rod of Ages', 'Ionian Boots of Lucidity - Homeguard', ""Luden's Echo"", ""Rabadon's Deathcap"", 'Void Staff', 'Sweeping Lens']",Zhonya's Hourglass,Rod of Ages,Ionian Boots of Lucidity - Homeguard,Luden's Echo,Rabadon's Deathcap,Void Staff
1,2015-11-10,KeSPA Cup 2015,SK Telecom T1,SBENU Sonicboom,Win,SK Telecom T1,SBENU Sonicboom,Blue,27:56,Orianna,Lulu,5,0,8,13.0,258,12.4,,45,Ignite,Flash,"[""Zhonya's Hourglass"", ""Rabadon's Deathcap"", ""Athene's Unholy Grail"", ""Sorcerer's Shoes"", ""Doran's Ring"", 'EmptyIcon', 'Sweeping Lens']",Zhonya's Hourglass,Rabadon's Deathcap,Athene's Unholy Grail,Sorcerer's Shoes,Doran's Ring,EmptyIcon
2,2015-11-10,KeSPA Cup 2015,SK Telecom T1,SBENU Sonicboom,Loss,SBENU Sonicboom,SK Telecom T1,Red,37:01,Ryze,Vel'Koz,1,3,5,2.0,333,13.1,,-5,Ghost,Flash,"[""Seraph's Embrace"", 'Rod of Ages', 'Void Staff', ""Mercury's Treads - Homeguard"", 'Needlessly Large Rod', 'Blasting Wand', 'Sweeping Lens']",Seraph's Embrace,Rod of Ages,Void Staff,Mercury's Treads - Homeguard,Needlessly Large Rod,Blasting Wand
3,2015-11-10,KeSPA Cup 2015,SK Telecom T1,SBENU Sonicboom,Win,SK Telecom T1,SBENU Sonicboom,Blue,24:56,Kassadin,Jayce,6,1,8,14.0,224,10.3,,56,Teleport,Flash,"[""Zhonya's Hourglass"", 'Rod of Ages', 'Crystalline Flask', 'Fiendish Codex', 'Chalice of Harmony', 'Boots of Speed', 'Sweeping Lens']",Zhonya's Hourglass,Rod of Ages,Crystalline Flask,Fiendish Codex,Chalice of Harmony,Boots of Speed
