,Date,Tournament,Team,OpponentTeam,W/L,Blue,Red,Side,Length,Champion,Vs,K,D,A,KDA,CS,Gold(thousand),Dmg,CSD,SpellD,SpellF,Items,Item1,Item2,Item3,Item4,Item5,Item6
0,2021-09-02,LCK 2021 Regional Finals,T1,Hanwha Life Esports,Win,Hanwha Life Esports,T1,Red,29:33,Azir,Orianna,3,2,6,4.5,264,12.2,16.8,13,Teleport,Flash,"[""Zhonya's Hourglass"", ""Sorcerer's Shoes"", 'Control Ward', ""Luden's Tempest"", 'Needlessly Large Rod', 'Void Staff', 'Farsight Alteration']",Zhonya's Hourglass,Sorcerer's Shoes,Control Ward,Luden's Tempest,Needlessly Large Rod,Void Staff
1,2021-09-02,LCK 2021 Regional Finals,T1,Hanwha Life Esports,Loss,T1,Hanwha Life Esports,Blue,36:39,Azir,Orianna,2,3,6,2.67,310,13.7,17.7,-47,Teleport,Flash,"[""Zhonya's Hourglass"", 'Void Staff', 'Control Ward', ""Luden's Tempest"", ""Sorcerer's Shoes"", 'Needlessly Large Rod', 'Farsight Alteration']",Zhonya's Hourglass,Void Staff,Control Ward,Luden's Tempest,Sorcerer's Shoes,Needlessly Large Rod
2,2021-09-02,LCK 2021 Regional Finals,T1,Hanwha Life Esports,Loss,T1,Hanwha Life Esports,Blue,33:10,Azir,Sylas,1,1,1,2.0,293,11.9,10.8,-65,Teleport,Flash,"[""Luden's Tempest"", 'Needlessly Large Rod', 'Needlessly Large Rod', ""Sorcerer's Shoes"", 'Oblivion Orb', 'Void Staff', 'Farsight Alteration']",Luden's Tempest,Needlessly Large Rod,Needlessly Large Rod,Sorcerer's Shoes,Oblivion Orb,Void Staff
3,2021-09-02,LCK 2021 Regional Finals,T1,Hanwha Life Esports,Win,T1,Hanwha Life Esports,Blue,33:54,Azir,Orianna,2,3,6,2.67,315,13.6,13.1,21,Teleport,Flash,"[""Zhonya's Hourglass"", ""Luden's Tempest"", 'Needlessly Large Rod', ""Sorcerer's Shoes"", 'Dark Seal', 'Void Staff', 'Farsight Alteration']",Zhonya's Hourglass,Luden's Tempest,Needlessly Large Rod,Sorcerer's Shoes,Dark Seal,Void Staff
4,2021-09-02,LCK 2021 Regional Finals,T1,Hanwha Life Esports,Win,T1,Hanwha Life Esports,Blue,36:48,Kassadin,Azir,7,0,5,12.0,307,15.8,21.7,-67,Teleport,Flash,"['Everfrost', ""Zhonya's Hourglass"", 'Control Ward', ""Banshee's Veil"", ""Seraph's Embrace"", 'Ionian Boots of Lucidity', 'Farsight Alteration']",Everfrost,Zhonya's Hourglass,Control Ward,Banshee's Veil,Seraph's Embrace,Ionian Boots of Lucidity
