,Date,Tournament,Team,OpponentTeam,W/L,Blue,Red,Side,Length,Champion,Vs,K,D,A,KDA,CS,Gold(thousand),Dmg,CSD,SpellD,SpellF,Items,Item1,Item2,Item3,Item4,Item5,Item6
0,2021-04-04,LCK 2021 Spring Playoffs,T1,Gen.G,Loss,T1,Gen.G,Blue,31:33,Zoe,Syndra,1,3,2,1.0,293,12.1,17.8,11,Teleport,Flash,"['Everfrost', 'Corrupting Potion', 'Control Ward', 'Void Staff', 'Ionian Boots of Lucidity', 'Horizon Focus', 'Farsight Alteration']",Everfrost,Corrupting Potion,Control Ward,Void Staff,Ionian Boots of Lucidity,Horizon Focus
1,2021-04-04,LCK 2021 Spring Playoffs,T1,Gen.G,Loss,Gen.G,T1,Red,32:09,Zoe,Syndra,0,1,1,1.0,273,10.4,10.5,5,Teleport,Flash,"['Everfrost', 'Control Ward', 'Blighting Jewel', 'Horizon Focus', 'Ionian Boots of Lucidity', 'Dark Seal', 'Farsight Alteration']",Everfrost,Control Ward,Blighting Jewel,Horizon Focus,Ionian Boots of Lucidity,Dark Seal
2,2021-04-04,LCK 2021 Spring Playoffs,T1,Gen.G,Loss,T1,Gen.G,Blue,38:17,Viktor,Orianna,0,2,0,0.0,346,13.6,18.3,-31,Teleport,Flash,"['Broken Stopwatch', 'Amplifying Tome', ""Liandry's Anguish"", ""Mercury's Treads"", 'Void Staff', ""Rabadon's Deathcap"", 'Farsight Alteration']",Broken Stopwatch,Amplifying Tome,Liandry's Anguish,Mercury's Treads,Void Staff,Rabadon's Deathcap
3,2021-04-01,LCK 2021 Spring Playoffs,T1,DRX,Win,DRX,T1,Red,27:48,Zoe,Orianna,6,1,2,8.0,218,12.3,15,-7,Teleport,Flash,"['Everfrost', 'Corrupting Potion', 'Needlessly Large Rod', 'Horizon Focus', 'Needlessly Large Rod', 'Ionian Boots of Lucidity', 'Oracle Lens']",Everfrost,Corrupting Potion,Needlessly Large Rod,Horizon Focus,Needlessly Large Rod,Ionian Boots of Lucidity
4,2021-04-01,LCK 2021 Spring Playoffs,T1,DRX,Win,T1,DRX,Blue,28:41,Twisted Fate,Orianna,5,1,3,8.0,215,12.3,12.3,-49,Teleport,Flash,"['Everfrost', 'Control Ward', ""Rabadon's Deathcap"", 'Dark Seal', 'Rapid Firecannon', 'Ionian Boots of Lucidity', 'Farsight Alteration']",Everfrost,Control Ward,Rabadon's Deathcap,Dark Seal,Rapid Firecannon,Ionian Boots of Lucidity
5,2021-04-01,LCK 2021 Spring Playoffs,T1,DRX,Loss,DRX,T1,Red,42:01,Sylas,Seraphine,3,5,2,1.0,351,16.0,10.2,89,Teleport,Flash,"['Everfrost', ""Zhonya's Hourglass"", 'Stopwatch', 'Ionian Boots of Lucidity', ""Rabadon's Deathcap"", 'Cosmic Drive', 'Farsight Alteration']",Everfrost,Zhonya's Hourglass,Stopwatch,Ionian Boots of Lucidity,Rabadon's Deathcap,Cosmic Drive
6,2021-04-01,LCK 2021 Spring Playoffs,T1,DRX,Win,T1,DRX,Blue,42:11,Viktor,Zoe,0,3,11,3.67,393,15.7,29,39,Teleport,Flash,"[""Zhonya's Hourglass"", 'EmptyIcon', ""Rabadon's Deathcap"", 'Lich Bane', ""Luden's Tempest"", 'Ionian Boots of Lucidity', 'Farsight Alteration']",Zhonya's Hourglass,EmptyIcon,Rabadon's Deathcap,Lich Bane,Luden's Tempest,Ionian Boots of Lucidity
