,Date,Tournament,Team,OpponentTeam,W/L,Blue,Red,Side,Length,Champion,Vs,K,D,A,KDA,CS,Gold(thousand),Dmg,CSD,SpellD,SpellF,Items,Item1,Item2,Item3,Item4,Item5,Item6
0,2014-05-10,All-Star 2014 Paris,SK Telecom T1 K,Fnatic,Win,Fnatic,SK Telecom T1 K,Red,25:48,Nidalee,Lulu,8,1,5,13.0,194,,,-1,Heal,Flash,"[""Rabadon's Deathcap"", ""Athene's Unholy Grail"", 'Void Staff', ""Sorcerer's Shoes"", ""Doran's Ring"", 'EmptyIcon', 'Greater Lens']",Rabadon's Deathcap,Athene's Unholy Grail,Void Staff,Sorcerer's Shoes,Doran's Ring,EmptyIcon
1,2014-05-10,All-Star 2014 Paris,SK Telecom T1 K,Fnatic,Win,SK Telecom T1 K,Fnatic,Blue,28:37,Yasuo,Kayle,6,1,7,13.0,251,13.4,,88,Flash,Heal,"['Infinity Edge', 'The Bloodthirster', 'Statikk Shiv', ""Berserker's Greaves"", 'Pickaxe', ""Doran's Blade"", 'Greater Lens']",Infinity Edge,The Bloodthirster,Statikk Shiv,Berserker's Greaves,Pickaxe,Doran's Blade
2,2014-05-10,All-Star 2014 Paris,SK Telecom T1 K,Oh My God,Win,SK Telecom T1 K,Oh My God,Blue,22:13,Syndra,Orianna,7,1,9,16.0,227,11.4,,66,Ignite,Flash,"['Void Staff', ""Athene's Unholy Grail"", ""Rabadon's Deathcap"", ""Sorcerer's Shoes"", 'Health Potion', 'EmptyIcon', 'Greater Lens']",Void Staff,Athene's Unholy Grail,Rabadon's Deathcap,Sorcerer's Shoes,Health Potion,EmptyIcon
3,2014-05-10,All-Star 2014 Paris,SK Telecom T1 K,Oh My God,Win,Oh My God,SK Telecom T1 K,Red,29:24,Twisted Fate,Lulu,9,3,6,5.0,312,16.1,,111,Ghost,Flash,"[""Doran's Ring"", ""Athene's Unholy Grail"", ""Sorcerer's Shoes - Distortion"", 'Lich Bane', ""Rabadon's Deathcap"", 'Void Staff', 'Greater Lens']",Doran's Ring,Athene's Unholy Grail,Sorcerer's Shoes - Distortion,Lich Bane,Rabadon's Deathcap,Void Staff
4,2014-05-10,All-Star 2014 Paris,SK Telecom T1 K,Oh My God,Win,Oh My God,SK Telecom T1 K,Red,51:25,Orianna,Syndra,4,5,7,2.2,446,20.6,,-38,Ignite,Flash,"[""Zhonya's Hourglass"", 'Lich Bane', ""Athene's Unholy Grail"", ""Rabadon's Deathcap"", ""Sorcerer's Shoes - Homeguard"", 'Void Staff', 'Greater Lens']",Zhonya's Hourglass,Lich Bane,Athene's Unholy Grail,Rabadon's Deathcap,Sorcerer's Shoes - Homeguard,Void Staff
5,2014-05-09,All-Star 2014 Paris,SK Telecom T1 K,Fnatic,Win,Fnatic,SK Telecom T1 K,Red,31:35,Zed,Kassadin,8,4,7,3.75,286,15.1,,72,Ignite,Flash,"['Blade of the Ruined King', ""Doran's Blade"", 'Maw of Malmortius', 'The Black Cleaver', ""Mercury's Treads - Homeguard"", 'Last Whisper', 'Greater Lens']",Blade of the Ruined King,Doran's Blade,Maw of Malmortius,The Black Cleaver,Mercury's Treads - Homeguard,Last Whisper
6,2014-05-09,All-Star 2014 Paris,SK Telecom T1 K,Oh My God,Win,SK Telecom T1 K,Oh My God,Blue,31:19,Orianna,Ziggs,9,3,6,5.0,345,,,37,Ignite,Flash,"[""Rabadon's Deathcap"", ""Zhonya's Hourglass"", ""Athene's Unholy Grail"", 'Void Staff', ""Sorcerer's Shoes"", ""Doran's Ring"", 'Greater Lens']",Rabadon's Deathcap,Zhonya's Hourglass,Athene's Unholy Grail,Void Staff,Sorcerer's Shoes,Doran's Ring
7,2014-05-08,All-Star 2014 Paris,SK Telecom T1 K,Cloud9,Win,SK Telecom T1 K,Cloud9,Blue,26:35,LeBlanc,Lulu,8,2,8,8.0,189,11.9,,-14,Ignite,Flash,"[""Rabadon's Deathcap"", ""Athene's Unholy Grail"", ""Sorcerer's Shoes - Homeguard"", 'Blasting Wand', 'Amplifying Tome', ""Doran's Ring"", 'Sweeping Lens']",Rabadon's Deathcap,Athene's Unholy Grail,Sorcerer's Shoes - Homeguard,Blasting Wand,Amplifying Tome,Doran's Ring
8,2014-05-08,All-Star 2014 Paris,SK Telecom T1 K,Taipei Assassins,Win,Taipei Assassins,SK Telecom T1 K,Red,28:45,Twisted Fate,Lulu,4,2,10,7.0,276,14.5,,87,Ghost,Flash,"[""Rabadon's Deathcap"", 'Lich Bane', ""Athene's Unholy Grail"", ""Sorcerer's Shoes"", ""Doran's Ring"", ""Doran's Ring"", 'Sweeping Lens']",Rabadon's Deathcap,Lich Bane,Athene's Unholy Grail,Sorcerer's Shoes,Doran's Ring,Doran's Ring
