,Date,Tournament,Team,OpponentTeam,W/L,Blue,Red,Side,Length,Champion,Vs,K,D,A,KDA,CS,Gold(thousand),Dmg,CSD,SpellD,SpellF,Items,Item1,Item2,Item3,Item4,Item5,Item6
0,2016-10-30,Worlds 2016,SK Telecom T1,Samsung Galaxy,Win,Samsung Galaxy,SK Telecom T1,Red,49:11,Viktor,Cassiopeia,6,2,4,5.0,534,24.5,,66,Ghost,Flash,"['Perfect Hex Core', 'Lich Bane', 'Ionian Boots of Lucidity', ""Rabadon's Deathcap"", 'Void Staff', ""Rylai's Crystal Scepter"", 'Farsight Alteration']",Perfect Hex Core,Lich Bane,Ionian Boots of Lucidity,Rabadon's Deathcap,Void Staff,Rylai's Crystal Scepter
1,2016-10-30,Worlds 2016,SK Telecom T1,Samsung Galaxy,Loss,SK Telecom T1,Samsung Galaxy,Blue,46:01,Orianna,Viktor,2,5,7,1.8,427,17.3,,30,Ghost,Flash,"[""Doran's Ring"", ""Rabadon's Deathcap"", ""Sorcerer's Shoes"", ""Luden's Echo"", 'Morellonomicon', 'Void Staff', 'Farsight Alteration']",Doran's Ring,Rabadon's Deathcap,Sorcerer's Shoes,Luden's Echo,Morellonomicon,Void Staff
2,2016-10-30,Worlds 2016,SK Telecom T1,Samsung Galaxy,Loss,Samsung Galaxy,SK Telecom T1,Red,71:20,Orianna,Aurelion Sol,7,5,4,2.2,658,31.0,,156,Ghost,Flash,"[""Zhonya's Hourglass"", 'Morellonomicon', ""Sorcerer's Shoes"", 'Void Staff', ""Luden's Echo"", ""Rabadon's Deathcap"", 'Farsight Alteration']",Zhonya's Hourglass,Morellonomicon,Sorcerer's Shoes,Void Staff,Luden's Echo,Rabadon's Deathcap
3,2016-10-30,Worlds 2016,SK Telecom T1,Samsung Galaxy,Win,SK Telecom T1,Samsung Galaxy,Blue,31:26,Ryze,Cassiopeia,6,0,5,11.0,325,15.7,,55,Ghost,Flash,"[""Seraph's Embrace"", 'Needlessly Large Rod', 'Rod of Ages', 'Ionian Boots of Lucidity', 'Abyssal Scepter', 'Void Staff', 'Farsight Alteration']",Seraph's Embrace,Needlessly Large Rod,Rod of Ages,Ionian Boots of Lucidity,Abyssal Scepter,Void Staff
4,2016-10-29,Worlds 2016,SK Telecom T1,Samsung Galaxy,Win,Samsung Galaxy,SK Telecom T1,Red,54:41,Orianna,Viktor,3,4,2,1.25,565,24.8,,7,Ghost,Flash,"[""Zhonya's Hourglass"", 'Morellonomicon', ""Liandry's Torment"", ""Sorcerer's Shoes"", ""Rabadon's Deathcap"", 'Void Staff', 'Farsight Alteration']",Zhonya's Hourglass,Morellonomicon,Liandry's Torment,Sorcerer's Shoes,Rabadon's Deathcap,Void Staff
5,2016-10-22,Worlds 2016,SK Telecom T1,ROX Tigers,Win,ROX Tigers,SK Telecom T1,Red,42:28,Orianna,Karma,1,1,8,9.0,429,19.0,,90,Ghost,Flash,"[""Zhonya's Hourglass"", 'Morellonomicon', 'Void Staff', ""Sorcerer's Shoes"", ""Rabadon's Deathcap"", ""Luden's Echo"", 'Farsight Alteration']",Zhonya's Hourglass,Morellonomicon,Void Staff,Sorcerer's Shoes,Rabadon's Deathcap,Luden's Echo
6,2016-10-22,Worlds 2016,SK Telecom T1,ROX Tigers,Win,SK Telecom T1,ROX Tigers,Blue,42:57,Zilean,Viktor,5,2,5,5.0,365,18.3,,-16,Teleport,Flash,"[""Luden's Echo"", 'Rod of Ages', 'Ionian Boots of Lucidity', ""Rabadon's Deathcap"", 'Morellonomicon', 'Void Staff', 'Farsight Alteration']",Luden's Echo,Rod of Ages,Ionian Boots of Lucidity,Rabadon's Deathcap,Morellonomicon,Void Staff
7,2016-10-22,Worlds 2016,SK Telecom T1,ROX Tigers,Loss,ROX Tigers,SK Telecom T1,Red,39:20,Orianna,Viktor,3,2,4,3.5,365,14.9,,24,Ghost,Flash,"[""Doran's Ring"", 'Morellonomicon', ""Sorcerer's Shoes"", ""Luden's Echo"", 'Blasting Wand', ""Rabadon's Deathcap"", 'Farsight Alteration']",Doran's Ring,Morellonomicon,Sorcerer's Shoes,Luden's Echo,Blasting Wand,Rabadon's Deathcap
8,2016-10-21,Worlds 2016,SK Telecom T1,ROX Tigers,Loss,SK Telecom T1,ROX Tigers,Blue,33:22,Viktor,Karma,4,4,4,2.0,363,14.8,,103,Ghost,Flash,"['Perfect Hex Core', ""Doran's Ring"", 'Ionian Boots of Lucidity', 'Lich Bane', 'Void Staff', ""Rylai's Crystal Scepter"", 'Farsight Alteration']",Perfect Hex Core,Doran's Ring,Ionian Boots of Lucidity,Lich Bane,Void Staff,Rylai's Crystal Scepter
9,2016-10-21,Worlds 2016,SK Telecom T1,ROX Tigers,Win,ROX Tigers,SK Telecom T1,Red,43:36,Orianna,Viktor,4,2,5,4.5,391,18.8,,8,Ghost,Flash,"['Fiendish Codex', 'Morellonomicon', ""Luden's Echo"", ""Sorcerer's Shoes"", 'Void Staff', ""Rabadon's Deathcap"", 'Warding Totem']",Fiendish Codex,Morellonomicon,Luden's Echo,Sorcerer's Shoes,Void Staff,Rabadon's Deathcap
10,2016-10-15,Worlds 2016,SK Telecom T1,Royal Never Give Up,Win,Royal Never Give Up,SK Telecom T1,Red,30:43,Malzahar,Aurelion Sol,6,3,10,5.33,259,14.0,,18,Ghost,Flash,"['Needlessly Large Rod', 'Morellonomicon', ""Doran's Ring"", ""Sorcerer's Shoes"", 'Void Staff', ""Rylai's Crystal Scepter"", 'Farsight Alteration']",Needlessly Large Rod,Morellonomicon,Doran's Ring,Sorcerer's Shoes,Void Staff,Rylai's Crystal Scepter
11,2016-10-15,Worlds 2016,SK Telecom T1,Royal Never Give Up,Win,SK Telecom T1,Royal Never Give Up,Blue,30:12,Syndra,Vladimir,6,3,4,3.33,258,14.4,,53,Ghost,Flash,"['Needlessly Large Rod', ""Sorcerer's Shoes"", 'Morellonomicon', ""Rylai's Crystal Scepter"", ""Doran's Ring"", 'Void Staff', 'Farsight Alteration']",Needlessly Large Rod,Sorcerer's Shoes,Morellonomicon,Rylai's Crystal Scepter,Doran's Ring,Void Staff
12,2016-10-14,Worlds 2016,SK Telecom T1,Royal Never Give Up,Win,Royal Never Give Up,SK Telecom T1,Red,43:06,Varus,Viktor,4,0,3,7.0,411,19.0,,12,Ghost,Flash,"[""Youmuu's Ghostblade"", 'Muramana', 'The Bloodthirster', 'Maw of Malmortius', 'Ionian Boots of Lucidity', ""Lord Dominik's Regards"", 'Farsight Alteration']",Youmuu's Ghostblade,Muramana,The Bloodthirster,Maw of Malmortius,Ionian Boots of Lucidity,Lord Dominik's Regards
13,2016-10-14,Worlds 2016,SK Telecom T1,Royal Never Give Up,Loss,SK Telecom T1,Royal Never Give Up,Blue,47:00,Viktor,Vladimir,0,3,3,1.0,484,18.2,,74,Ghost,Flash,"[""Zhonya's Hourglass"", 'Void Staff', 'Perfect Hex Core', 'Ionian Boots of Lucidity', ""Rylai's Crystal Scepter"", 'Lich Bane', 'Farsight Alteration']",Zhonya's Hourglass,Void Staff,Perfect Hex Core,Ionian Boots of Lucidity,Rylai's Crystal Scepter,Lich Bane
14,2016-10-10,Worlds 2016,SK Telecom T1,Flash Wolves,Win,Flash Wolves,SK Telecom T1,Red,39:51,Lissandra,Viktor,5,5,10,3.0,384,17.4,,13,Teleport,Flash,"['Hextech Protobelt-01', ""Zhonya's Hourglass"", 'Ionian Boots of Lucidity', ""Rabadon's Deathcap"", 'Void Staff', 'Abyssal Scepter', 'Farsight Alteration']",Hextech Protobelt-01,Zhonya's Hourglass,Ionian Boots of Lucidity,Rabadon's Deathcap,Void Staff,Abyssal Scepter
15,2016-10-09,Worlds 2016,SK Telecom T1,I May,Win,SK Telecom T1,I May,Blue,45:27,Varus,Cassiopeia,3,1,9,12.0,346,17.8,,-77,Ghost,Flash,"[""Youmuu's Ghostblade"", 'Maw of Malmortius', 'Muramana', 'Ionian Boots of Lucidity', 'The Bloodthirster', ""Lord Dominik's Regards"", 'Farsight Alteration']",Youmuu's Ghostblade,Maw of Malmortius,Muramana,Ionian Boots of Lucidity,The Bloodthirster,Lord Dominik's Regards
16,2016-10-09,Worlds 2016,SK Telecom T1,Cloud9,Win,Cloud9,SK Telecom T1,Red,50:10,Viktor,Ryze,7,2,8,7.5,443,22.2,,-74,Cleanse,Flash,"['Perfect Hex Core', 'Void Staff', ""Rabadon's Deathcap"", 'Abyssal Scepter', 'Ionian Boots of Lucidity', ""Rylai's Crystal Scepter"", 'Farsight Alteration']",Perfect Hex Core,Void Staff,Rabadon's Deathcap,Abyssal Scepter,Ionian Boots of Lucidity,Rylai's Crystal Scepter
17,2016-10-03,Worlds 2016,SK Telecom T1,Flash Wolves,Loss,SK Telecom T1,Flash Wolves,Blue,41:36,Cassiopeia,Aurelion Sol,1,5,1,0.4,362,14.9,,-8,Ghost,Flash,"[""Seraph's Embrace"", 'Morellonomicon', ""Doran's Ring"", ""Rylai's Crystal Scepter"", 'Void Staff', 'Needlessly Large Rod', 'Farsight Alteration']",Seraph's Embrace,Morellonomicon,Doran's Ring,Rylai's Crystal Scepter,Void Staff,Needlessly Large Rod
18,2016-10-02,Worlds 2016,SK Telecom T1,I May,Win,I May,SK Telecom T1,Red,31:53,Cassiopeia,Ryze,4,1,4,8.0,260,14.1,,-28,Cleanse,Flash,"[""Seraph's Embrace"", ""Doran's Ring"", 'Abyssal Scepter', 'Morellonomicon', 'Amplifying Tome', 'Blasting Wand', 'Warding Totem']",Seraph's Embrace,Doran's Ring,Abyssal Scepter,Morellonomicon,Amplifying Tome,Blasting Wand
19,2016-09-30,Worlds 2016,SK Telecom T1,Cloud9,Win,SK Telecom T1,Cloud9,Blue,34:10,Syndra,Cassiopeia,5,1,4,9.0,357,16.7,,92,Ghost,Flash,"[""Rylai's Crystal Scepter"", 'Morellonomicon', ""Sorcerer's Shoes"", 'Void Staff', ""Rabadon's Deathcap"", 'Haunting Guise', 'Farsight Alteration']",Rylai's Crystal Scepter,Morellonomicon,Sorcerer's Shoes,Void Staff,Rabadon's Deathcap,Haunting Guise
