,Date,Tournament,Team,OpponentTeam,W/L,Blue,Red,Side,Length,Champion,Vs,K,D,A,KDA,CS,Gold(thousand),Dmg,CSD,SpellD,SpellF,Items,Item1,Item2,Item3,Item4,Item5,Item6
0,2017-12-01,KeSPA Cup 2017,SK Telecom T1,Longzhu Gaming,Loss,Longzhu Gaming,SK Telecom T1,Red,34:49,Malzahar,Azir,1,1,1,2.0,412,14.2,,35,Heal,Flash,"[""Zhonya's Hourglass"", 'Morellonomicon', ""Liandry's Torment"", 'Ionian Boots of Lucidity', 'Void Staff', 'Needlessly Large Rod', 'Warding Totem']",Zhonya's Hourglass,Morellonomicon,Liandry's Torment,Ionian Boots of Lucidity,Void Staff,Needlessly Large Rod
1,2017-12-01,KeSPA Cup 2017,SK Telecom T1,Longzhu Gaming,Loss,SK Telecom T1,Longzhu Gaming,Blue,29:10,Malzahar,Ryze,1,5,5,1.2,276,10.6,,-44,Cleanse,Flash,"[""Zhonya's Hourglass"", 'Ionian Boots of Lucidity', ""Liandry's Torment"", 'The Dark Seal', 'Morellonomicon', 'Control Ward', 'Warding Totem']",Zhonya's Hourglass,Ionian Boots of Lucidity,Liandry's Torment,The Dark Seal,Morellonomicon,Control Ward
2,2017-11-29,KeSPA Cup 2017,SK Telecom T1,Griffin (Korean Team),Win,Griffin (Korean Team),SK Telecom T1,Red,47:55,Azir,Xerath,8,6,4,2.0,446,21.5,,38,Heal,Flash,"[""Zhonya's Hourglass"", ""Sorcerer's Shoes"", ""Nashor's Tooth"", 'Void Staff', ""Banshee's Veil"", ""Rabadon's Deathcap"", 'Warding Totem']",Zhonya's Hourglass,Sorcerer's Shoes,Nashor's Tooth,Void Staff,Banshee's Veil,Rabadon's Deathcap
3,2017-11-29,KeSPA Cup 2017,SK Telecom T1,Griffin (Korean Team),Loss,Griffin (Korean Team),SK Telecom T1,Red,63:16,Orianna,Corki,3,6,8,1.83,601,26.5,,33,Heal,Flash,"[""Liandry's Torment"", ""Sorcerer's Shoes"", 'Morellonomicon', ""Banshee's Veil"", 'Void Staff', ""Rabadon's Deathcap"", 'Oracle Alteration']",Liandry's Torment,Sorcerer's Shoes,Morellonomicon,Banshee's Veil,Void Staff,Rabadon's Deathcap
4,2017-11-29,KeSPA Cup 2017,SK Telecom T1,Griffin (Korean Team),Win,Griffin (Korean Team),SK Telecom T1,Red,42:59,Taliyah,Xerath,4,1,4,8.0,509,20.9,,30,Heal,Flash,"['Void Staff', 'Morellonomicon', ""Mercury's Treads"", ""Liandry's Torment"", ""Banshee's Veil"", ""Rabadon's Deathcap"", 'Warding Totem']",Void Staff,Morellonomicon,Mercury's Treads,Liandry's Torment,Banshee's Veil,Rabadon's Deathcap
