,Date,Tournament,Team,OpponentTeam,W/L,Blue,Red,Side,Length,Champion,Vs,K,D,A,KDA,CS,Gold(thousand),Dmg,CSD,SpellD,SpellF,Items,Item1,Item2,Item3,Item4,Item5,Item6
0,2018-04-04,LCK 2018 Spring Playoffs,SK Telecom T1,KT Rolster,Loss,SK Telecom T1,KT Rolster,Blue,35:29,Azir,Swain,2,4,3,1.25,386,14.2,,105,Cleanse,Flash,"[""Doran's Ring"", ""Sorcerer's Shoes"", ""Nashor's Tooth"", 'Blasting Wand', 'Morellonomicon', ""Rabadon's Deathcap"", 'Farsight Alteration']",Doran's Ring,Sorcerer's Shoes,Nashor's Tooth,Blasting Wand,Morellonomicon,Rabadon's Deathcap
1,2018-04-04,LCK 2018 Spring Playoffs,SK Telecom T1,KT Rolster,Loss,KT Rolster,SK Telecom T1,Red,35:45,Swain,Taliyah,2,3,2,1.33,323,12.6,,-16,Ghost,Flash,"[""Zhonya's Hourglass"", 'Rod of Ages', 'Lost Chapter', ""Mercury's Treads"", ""Doran's Ring"", 'Morellonomicon', 'Farsight Alteration']",Zhonya's Hourglass,Rod of Ages,Lost Chapter,Mercury's Treads,Doran's Ring,Morellonomicon
2,2018-04-04,LCK 2018 Spring Playoffs,SK Telecom T1,KT Rolster,Loss,SK Telecom T1,KT Rolster,Blue,36:04,Swain,Azir,1,2,3,2.0,292,11.8,,-45,Ghost,Flash,"[""Zhonya's Hourglass"", 'Abyssal Mask', ""Luden's Echo"", 'Ninja Tabi', ""Doran's Ring"", 'EmptyIcon', 'Farsight Alteration']",Zhonya's Hourglass,Abyssal Mask,Luden's Echo,Ninja Tabi,Doran's Ring,EmptyIcon
3,2018-04-04,LCK 2018 Spring Playoffs,SK Telecom T1,KT Rolster,Win,SK Telecom T1,KT Rolster,Blue,32:55,Azir,Taliyah,2,0,5,7.0,321,14.0,,-16,Heal,Flash,"['Needlessly Large Rod', ""Nashor's Tooth"", ""Sorcerer's Shoes"", 'Morellonomicon', 'Void Staff', 'Fiendish Codex', 'Farsight Alteration']",Needlessly Large Rod,Nashor's Tooth,Sorcerer's Shoes,Morellonomicon,Void Staff,Fiendish Codex
4,2018-03-31,LCK 2018 Spring Playoffs,SK Telecom T1,KSV eSports,Win,KSV eSports,SK Telecom T1,Red,34:31,Galio,Taliyah,2,2,8,5.0,332,14.5,,1,Teleport,Flash,"[""Zhonya's Hourglass"", 'Rod of Ages', ""Luden's Echo"", ""Mercury's Treads"", 'The Dark Seal', 'Blasting Wand', 'Warding Totem']",Zhonya's Hourglass,Rod of Ages,Luden's Echo,Mercury's Treads,The Dark Seal,Blasting Wand
5,2018-03-31,LCK 2018 Spring Playoffs,SK Telecom T1,KSV eSports,Loss,SK Telecom T1,KSV eSports,Blue,45:58,Galio,Zilean,3,3,8,3.67,428,18.4,,46,Teleport,Flash,"[""Zhonya's Hourglass"", ""Luden's Echo"", ""Mercury's Treads"", 'Void Staff', 'Rod of Ages', ""Rabadon's Deathcap"", 'Farsight Alteration']",Zhonya's Hourglass,Luden's Echo,Mercury's Treads,Void Staff,Rod of Ages,Rabadon's Deathcap
6,2018-03-31,LCK 2018 Spring Playoffs,SK Telecom T1,KSV eSports,Win,SK Telecom T1,KSV eSports,Blue,40:56,Galio,Karma,1,3,4,1.67,456,17.5,,97,Teleport,Flash,"[""Zhonya's Hourglass"", ""Luden's Echo"", 'Void Staff', ""Sorcerer's Shoes"", 'Rod of Ages', 'Needlessly Large Rod', 'Farsight Alteration']",Zhonya's Hourglass,Luden's Echo,Void Staff,Sorcerer's Shoes,Rod of Ages,Needlessly Large Rod
