,Date,Tournament,Team,OpponentTeam,W/L,Blue,Red,Side,Length,Champion,Vs,K,D,A,KDA,CS,Gold(thousand),Dmg,CSD,SpellD,SpellF,Items,Item1,Item2,Item3,Item4,Item5,Item6
0,2016-03-06,IEM Season 10 World Championship,SK Telecom T1,Fnatic,Win,SK Telecom T1,Fnatic,Blue,22:05,Zed,Corki,5,2,5,5.0,160,9.3,,9,Ignite,Flash,"[""Youmuu's Ghostblade"", 'Refillable Potion', 'Maw of Malmortius', ""Mercury's Treads"", 'Phage', 'EmptyIcon', 'Farsight Alteration']",Youmuu's Ghostblade,Refillable Potion,Maw of Malmortius,Mercury's Treads,Phage,EmptyIcon
1,2016-03-06,IEM Season 10 World Championship,SK Telecom T1,Fnatic,Win,Fnatic,SK Telecom T1,Red,38:41,Vel'Koz,Lissandra,7,2,10,8.5,307,17.3,,-22,Cleanse,Flash,"[""Frost Queen's Claim"", 'Morellonomicon', 'Void Staff', ""Sorcerer's Shoes"", ""Rylai's Crystal Scepter"", ""Liandry's Torment"", 'Farsight Alteration']",Frost Queen's Claim,Morellonomicon,Void Staff,Sorcerer's Shoes,Rylai's Crystal Scepter,Liandry's Torment
2,2016-03-06,IEM Season 10 World Championship,SK Telecom T1,Fnatic,Win,SK Telecom T1,Fnatic,Blue,36:53,Corki,Zed,1,2,9,5.0,326,15.4,,49,Exhaust,Flash,"['Mercurial Scimitar', 'Trinity Force (0.9.25.21 - 10.22)', ""Sorcerer's Shoes"", 'Infinity Edge', ""Doran's Blade"", 'Zeal', 'Farsight Alteration']",Mercurial Scimitar,Trinity Force (0.9.25.21 - 10.22),Sorcerer's Shoes,Infinity Edge,Doran's Blade,Zeal
3,2016-03-06,IEM Season 10 World Championship,SK Telecom T1,TSM,Win,TSM,SK Telecom T1,Red,25:04,Zed,Twisted Fate,6,3,5,3.67,223,12.2,,35,Ignite,Flash,"[""Youmuu's Ghostblade"", 'Refillable Potion', ""Mercury's Treads"", 'The Black Cleaver', 'Vision Ward', 'Hexdrinker', 'Farsight Alteration']",Youmuu's Ghostblade,Refillable Potion,Mercury's Treads,The Black Cleaver,Vision Ward,Hexdrinker
4,2016-03-06,IEM Season 10 World Championship,SK Telecom T1,TSM,Win,SK Telecom T1,TSM,Blue,29:31,Corki,LeBlanc,5,2,2,3.5,270,13.6,,38,Cleanse,Flash,"['Corrupting Potion', ""Doran's Blade"", 'Trinity Force (0.9.25.21 - 10.22)', ""Sorcerer's Shoes"", 'Hexdrinker', 'Infinity Edge', 'Farsight Alteration']",Corrupting Potion,Doran's Blade,Trinity Force (0.9.25.21 - 10.22),Sorcerer's Shoes,Hexdrinker,Infinity Edge
5,2016-03-05,IEM Season 10 World Championship,SK Telecom T1,Qiao Gu Reapers,Win,SK Telecom T1,Qiao Gu Reapers,Blue,35:44,LeBlanc,Lissandra,6,1,10,16.0,247,14.5,,20,Ignite,Flash,"[""Zhonya's Hourglass"", 'Abyssal Scepter', 'Ionian Boots of Lucidity', ""Doran's Ring"", 'Morellonomicon', ""Rabadon's Deathcap"", 'Farsight Alteration']",Zhonya's Hourglass,Abyssal Scepter,Ionian Boots of Lucidity,Doran's Ring,Morellonomicon,Rabadon's Deathcap
6,2016-03-05,IEM Season 10 World Championship,SK Telecom T1,Counter Logic Gaming,Win,SK Telecom T1,Counter Logic Gaming,Blue,31:09,Lulu,Lux,1,1,2,3.0,313,14.2,,7,Teleport,Flash,"[""Frost Queen's Claim"", ""Doran's Ring"", 'Ionian Boots of Lucidity', 'Lich Bane', ""Rabadon's Deathcap"", 'Void Staff', 'Farsight Alteration']",Frost Queen's Claim,Doran's Ring,Ionian Boots of Lucidity,Lich Bane,Rabadon's Deathcap,Void Staff
