,Date,Tournament,Team,OpponentTeam,W/L,Blue,Red,Side,Length,Champion,Vs,K,D,A,KDA,CS,Gold(thousand),Dmg,CSD,SpellD,SpellF,Items,Item1,Item2,Item3,Item4,Item5,Item6
0,2018-08-09,LCK 2018 Summer,SK Telecom T1,Kingzone DragonX,Loss,SK Telecom T1,Kingzone DragonX,Blue,39:27,Ryze,Zoe,1,2,1,1.0,426,15.8,,71,Cleanse,Flash,"[""Seraph's Embrace"", 'Spellbinder', ""Mercury's Treads"", 'Void Staff', 'Fiendish Codex', ""Rabadon's Deathcap"", 'Farsight Alteration']",Seraph's Embrace,Spellbinder,Mercury's Treads,Void Staff,Fiendish Codex,Rabadon's Deathcap
1,2018-07-19,LCK 2018 Summer,SK Telecom T1,KT Rolster,Loss,KT Rolster,SK Telecom T1,Red,29:06,Vladimir,Yasuo,0,3,2,0.67,279,9.9,,-53,Ignite,Flash,"['Hextech Protobelt-01', 'Spellbinder', ""Zhonya's Hourglass"", 'Ionian Boots of Lucidity', 'EmptyIcon', 'EmptyIcon', 'Warding Totem']",Hextech Protobelt-01,Spellbinder,Zhonya's Hourglass,Ionian Boots of Lucidity,EmptyIcon,EmptyIcon
2,2018-07-19,LCK 2018 Summer,SK Telecom T1,KT Rolster,Loss,SK Telecom T1,KT Rolster,Blue,35:53,Galio,Malzahar,2,2,4,3.0,387,14.9,,8,Teleport,Flash,"[""Zhonya's Hourglass"", 'The Dark Seal', ""Luden's Echo"", ""Sorcerer's Shoes"", 'Rod of Ages', 'Morellonomicon', 'Warding Totem']",Zhonya's Hourglass,The Dark Seal,Luden's Echo,Sorcerer's Shoes,Rod of Ages,Morellonomicon
3,2018-07-19,LCK 2018 Summer,SK Telecom T1,KT Rolster,Win,KT Rolster,SK Telecom T1,Red,34:49,Ryze,Swain,2,1,3,5.0,372,14.8,,49,Teleport,Flash,"[""Seraph's Embrace"", 'Rod of Ages', 'Stopwatch', 'Ionian Boots of Lucidity', 'Void Staff', 'Needlessly Large Rod', 'Warding Totem']",Seraph's Embrace,Rod of Ages,Stopwatch,Ionian Boots of Lucidity,Void Staff,Needlessly Large Rod
4,2018-07-17,LCK 2018 Summer,SK Telecom T1,MVP,Win,MVP,SK Telecom T1,Red,29:46,Galio,Swain,5,0,6,11.0,301,13.9,,54,Teleport,Flash,"[""Zhonya's Hourglass"", 'Rod of Ages', 'Morellonomicon', 'The Dark Seal', ""Sorcerer's Shoes"", 'Blasting Wand', 'Warding Totem']",Zhonya's Hourglass,Rod of Ages,Morellonomicon,The Dark Seal,Sorcerer's Shoes,Blasting Wand
5,2018-07-17,LCK 2018 Summer,SK Telecom T1,MVP,Win,SK Telecom T1,MVP,Blue,40:30,Galio,Kled,2,1,4,6.0,486,19.0,,157,Teleport,Flash,"[""Zhonya's Hourglass"", ""Luden's Echo"", ""Sorcerer's Shoes"", 'Void Staff', 'Rod of Ages', ""Rabadon's Deathcap"", 'Warding Totem']",Zhonya's Hourglass,Luden's Echo,Sorcerer's Shoes,Void Staff,Rod of Ages,Rabadon's Deathcap
6,2018-07-17,LCK 2018 Summer,SK Telecom T1,MVP,Loss,MVP,SK Telecom T1,Red,49:12,Rumble,Swain,1,3,3,1.33,507,20.1,,95,Smite,Flash,"[""Zhonya's Hourglass"", 'Void Staff', ""Mercury's Treads"", 'Morellonomicon', ""Liandry's Torment"", ""Rabadon's Deathcap"", 'Oracle Lens']",Zhonya's Hourglass,Void Staff,Mercury's Treads,Morellonomicon,Liandry's Torment,Rabadon's Deathcap
7,2018-07-13,LCK 2018 Summer,SK Telecom T1,Hanwha Life Esports,Loss,Hanwha Life Esports,SK Telecom T1,Red,31:29,Irelia,Swain,0,4,4,1.0,250,10.2,,9,Ignite,Flash,"['Broken Stopwatch', ""Sterak's Gage"", 'Trinity Force (0.9.25.21 - 10.22)', 'EmptyIcon', 'Ninja Tabi', 'Cloth Armor', 'Warding Totem']",Broken Stopwatch,Sterak's Gage,Trinity Force (0.9.25.21 - 10.22),EmptyIcon,Ninja Tabi,Cloth Armor
8,2018-07-13,LCK 2018 Summer,SK Telecom T1,Hanwha Life Esports,Loss,SK Telecom T1,Hanwha Life Esports,Blue,31:10,Yasuo,Talon,3,1,1,4.0,341,12.9,,-23,Ignite,Flash,"['Guardian Angel', ""Berserker's Greaves"", 'Infinity Edge', 'Phantom Dancer', 'Control Ward', 'B. F. Sword', 'Warding Totem']",Guardian Angel,Berserker's Greaves,Infinity Edge,Phantom Dancer,Control Ward,B. F. Sword
9,2018-07-13,LCK 2018 Summer,SK Telecom T1,Hanwha Life Esports,Win,Hanwha Life Esports,SK Telecom T1,Red,33:06,Galio,Swain,1,1,11,12.0,331,14.4,,45,Teleport,Flash,"['The Dark Seal', ""Luden's Echo"", 'Fiendish Codex', 'Rod of Ages', ""Mercury's Treads"", ""Rabadon's Deathcap"", 'Warding Totem']",The Dark Seal,Luden's Echo,Fiendish Codex,Rod of Ages,Mercury's Treads,Rabadon's Deathcap
10,2018-06-30,LCK 2018 Summer,SK Telecom T1,Bbq Olivers,Win,SK Telecom T1,Bbq Olivers,Blue,39:54,Poppy,Irelia,5,3,3,2.67,362,17.3,,-5,Ignite,Flash,"['Gargoyle Stoneplate', 'Corrupting Potion', 'Sunfire Cape', 'Trinity Force (0.9.25.21 - 10.22)', 'Frozen Heart', 'Ninja Tabi', 'Warding Totem']",Gargoyle Stoneplate,Corrupting Potion,Sunfire Cape,Trinity Force (0.9.25.21 - 10.22),Frozen Heart,Ninja Tabi
11,2018-06-30,LCK 2018 Summer,SK Telecom T1,Bbq Olivers,Win,Bbq Olivers,SK Telecom T1,Red,34:26,Irelia,Zoe,3,1,8,11.0,385,15.7,,65,Ignite,Flash,"['Mercurial Scimitar', 'Broken Stopwatch', 'Trinity Force (0.9.25.21 - 10.22)', ""Sterak's Gage"", ""Executioner's Calling"", ""Mercury's Treads"", 'Warding Totem']",Mercurial Scimitar,Broken Stopwatch,Trinity Force (0.9.25.21 - 10.22),Sterak's Gage,Executioner's Calling,Mercury's Treads
12,2018-06-28,LCK 2018 Summer,SK Telecom T1,Kingzone DragonX,Loss,SK Telecom T1,Kingzone DragonX,Blue,37:43,Galio,Anivia,5,3,6,3.67,353,14.7,,4,Teleport,Flash,"[""Zhonya's Hourglass"", ""Luden's Echo"", ""Rabadon's Deathcap"", 'Rod of Ages', ""Mercury's Treads"", 'EmptyIcon', 'Warding Totem']",Zhonya's Hourglass,Luden's Echo,Rabadon's Deathcap,Rod of Ages,Mercury's Treads,EmptyIcon
13,2018-06-28,LCK 2018 Summer,SK Telecom T1,Kingzone DragonX,Loss,Kingzone DragonX,SK Telecom T1,Red,32:18,Swain,Morgana,5,2,6,5.5,302,13.2,,68,Teleport,Flash,"[""Zhonya's Hourglass"", 'Morellonomicon', 'Blasting Wand', ""Sorcerer's Shoes"", 'Rod of Ages', 'Needlessly Large Rod', 'Warding Totem']",Zhonya's Hourglass,Morellonomicon,Blasting Wand,Sorcerer's Shoes,Rod of Ages,Needlessly Large Rod
14,2018-06-26,LCK 2018 Summer,SK Telecom T1,KT Rolster,Win,SK Telecom T1,KT Rolster,Blue,35:26,Aatrox,Ryze,4,0,7,11.0,367,16.0,,50,Teleport,Flash,"[""Sterak's Gage"", 'Pickaxe', 'Ninja Tabi', 'Trinity Force (0.9.25.21 - 10.22)', ""Guinsoo's Rageblade"", ""Jaurim's Fist"", 'Warding Totem']",Sterak's Gage,Pickaxe,Ninja Tabi,Trinity Force (0.9.25.21 - 10.22),Guinsoo's Rageblade,Jaurim's Fist
15,2018-06-26,LCK 2018 Summer,SK Telecom T1,KT Rolster,Win,KT Rolster,SK Telecom T1,Red,36:43,Yasuo,Zoe,11,2,2,6.5,364,18.1,,81,Cleanse,Flash,"['Stopwatch', 'Phantom Dancer', ""Berserker's Greaves"", 'Guardian Angel', 'Infinity Edge', 'The Bloodthirster', 'Warding Totem']",Stopwatch,Phantom Dancer,Berserker's Greaves,Guardian Angel,Infinity Edge,The Bloodthirster
16,2018-06-26,LCK 2018 Summer,SK Telecom T1,KT Rolster,Loss,SK Telecom T1,KT Rolster,Blue,33:07,Cassiopeia,Swain,0,2,5,2.5,301,11.4,,36,Heal,Flash,"[""Seraph's Embrace"", ""Banshee's Veil"", 'Void Staff', 'The Dark Seal', 'Control Ward', 'Needlessly Large Rod', 'Warding Totem']",Seraph's Embrace,Banshee's Veil,Void Staff,The Dark Seal,Control Ward,Needlessly Large Rod
17,2018-06-24,LCK 2018 Summer,SK Telecom T1,Jin Air Green Wings,Win,Jin Air Green Wings,SK Telecom T1,Red,46:42,Galio,Zoe,3,3,14,5.67,447,20.1,,20,Teleport,Flash,"[""Zhonya's Hourglass"", 'Morellonomicon', ""Luden's Echo"", ""Mercury's Treads"", 'Rod of Ages', ""Rabadon's Deathcap"", 'Warding Totem']",Zhonya's Hourglass,Morellonomicon,Luden's Echo,Mercury's Treads,Rod of Ages,Rabadon's Deathcap
18,2018-06-24,LCK 2018 Summer,SK Telecom T1,Jin Air Green Wings,Win,SK Telecom T1,Jin Air Green Wings,Blue,24:52,Taliyah,Irelia,1,1,5,6.0,275,11.3,,49,Heal,Flash,"[""Luden's Echo"", 'Morellonomicon', ""Doran's Ring"", 'The Dark Seal', ""Sorcerer's Shoes"", 'Refillable Potion', 'Warding Totem']",Luden's Echo,Morellonomicon,Doran's Ring,The Dark Seal,Sorcerer's Shoes,Refillable Potion
19,2018-06-22,LCK 2018 Summer,SK Telecom T1,Griffin (Korean Team),Loss,SK Telecom T1,Griffin (Korean Team),Blue,27:40,Jax,Taric,2,4,2,1.0,243,10.0,,189,Ignite,Flash,"['Corrupting Potion', 'Ninja Tabi', 'Trinity Force (0.9.25.21 - 10.22)', ""Sterak's Gage"", 'Control Ward', 'Vampiric Scepter', 'Warding Totem']",Corrupting Potion,Ninja Tabi,Trinity Force (0.9.25.21 - 10.22),Sterak's Gage,Control Ward,Vampiric Scepter
20,2018-06-22,LCK 2018 Summer,SK Telecom T1,Griffin (Korean Team),Loss,Griffin (Korean Team),SK Telecom T1,Red,39:17,Yasuo,Lulu,5,4,5,2.5,353,16.5,,134,Ignite,Flash,"['Mercurial Scimitar', 'Phantom Dancer', ""Berserker's Greaves"", 'Infinity Edge', 'Guardian Angel', 'Control Ward', 'Warding Totem']",Mercurial Scimitar,Phantom Dancer,Berserker's Greaves,Infinity Edge,Guardian Angel,Control Ward
21,2018-06-15,LCK 2018 Summer,SK Telecom T1,Gen.G,Loss,SK Telecom T1,Gen.G,Blue,23:45,Taric,Braum,1,5,3,0.8,24,5.3,,-38,Heal,Exhaust,"[""Nomad's Medallion"", 'Refillable Potion', 'Ardent Censer', 'Boots of Swiftness', 'Crystalline Bracer', 'Control Ward', 'Oracle Lens']",Nomad's Medallion,Refillable Potion,Ardent Censer,Boots of Swiftness,Crystalline Bracer,Control Ward
22,2018-06-15,LCK 2018 Summer,SK Telecom T1,Gen.G,Loss,Gen.G,SK Telecom T1,Red,29:28,Lulu,Zoe,1,2,1,1.0,276,10.1,,5,Ignite,Flash,"['Corrupting Potion', 'Banner of Command', 'Needlessly Large Rod', ""Mercury's Treads"", ""Luden's Echo"", 'Needlessly Large Rod', 'Warding Totem']",Corrupting Potion,Banner of Command,Needlessly Large Rod,Mercury's Treads,Luden's Echo,Needlessly Large Rod
23,2018-06-13,LCK 2018 Summer,SK Telecom T1,Afreeca Freecs,Loss,SK Telecom T1,Afreeca Freecs,Blue,37:27,Darius,Vladimir,0,2,4,2.0,316,13.7,,23,Ghost,Flash,"['Guardian Angel', ""Targon's Brace"", ""Brawler's Gloves"", 'Trinity Force (0.9.25.21 - 10.22)', ""Sterak's Gage"", 'Ninja Tabi', 'Oracle Lens']",Guardian Angel,Targon's Brace,Brawler's Gloves,Trinity Force (0.9.25.21 - 10.22),Sterak's Gage,Ninja Tabi
24,2018-06-13,LCK 2018 Summer,SK Telecom T1,Afreeca Freecs,Loss,Afreeca Freecs,SK Telecom T1,Red,26:36,Yasuo,LeBlanc,0,3,0,0.0,247,8.9,,29,Barrier,Flash,"['Broken Stopwatch', ""Berserker's Greaves"", 'Refillable Potion', 'Phantom Dancer', ""Doran's Blade"", 'B. F. Sword', 'Warding Totem']",Broken Stopwatch,Berserker's Greaves,Refillable Potion,Phantom Dancer,Doran's Blade,B. F. Sword
