,Date,Tournament,Team,OpponentTeam,W/L,Blue,Red,Side,Length,Champion,Vs,K,D,A,KDA,CS,Gold(thousand),Dmg,CSD,SpellD,SpellF,Items,Item1,Item2,Item3,Item4,Item5,Item6
0,2014-12-20,Champions 2015 Spring Preseason,SK Telecom T1,Incredible Miracle,Win,Incredible Miracle,SK Telecom T1,Red,28:00,Ezreal,Kassadin,4,1,7,11.0,212,,,18,Heal,Flash,"['Trinity Force (0.9.25.21 - 10.22)', 'Muramana', 'Ionian Boots of Lucidity', ""Doran's Blade"", ""Doran's Blade"", 'Long Sword', 'Sweeping Lens']",Trinity Force (0.9.25.21 - 10.22),Muramana,Ionian Boots of Lucidity,Doran's Blade,Doran's Blade,Long Sword
1,2014-12-17,Champions 2015 Spring Preseason,SK Telecom T1,Samsung Galaxy,Win,SK Telecom T1,Samsung Galaxy,Blue,35:29,LeBlanc,Fizz,5,3,3,2.67,292,,,99,Ignite,Flash,"[""Rabadon's Deathcap"", ""Athene's Unholy Grail"", 'Void Staff', ""Sorcerer's Shoes - Homeguard"", ""Mejai's Soulstealer"", 'EmptyIcon', 'Sweeping Lens']",Rabadon's Deathcap,Athene's Unholy Grail,Void Staff,Sorcerer's Shoes - Homeguard,Mejai's Soulstealer,EmptyIcon
2,2014-12-11,Champions 2015 Spring Preseason,SK Telecom T1,NaJin e-mFire,Win,NaJin e-mFire,SK Telecom T1,Red,35:13,Lissandra,Zed,6,4,13,4.75,313,,,50,Ignite,Flash,"[""Zhonya's Hourglass"", ""Rabadon's Deathcap"", 'Void Staff', 'Morellonomicon', 'Ionian Boots of Lucidity', ""Doran's Ring"", 'Sweeping Lens']",Zhonya's Hourglass,Rabadon's Deathcap,Void Staff,Morellonomicon,Ionian Boots of Lucidity,Doran's Ring
3,2014-12-03,Champions 2015 Spring Preseason,SK Telecom T1,HUYA Tigers,Win,HUYA Tigers,SK Telecom T1,Red,37:17,Lissandra,LeBlanc,4,1,10,14.0,371,,,121,Ignite,Flash,"[""Zhonya's Hourglass"", ""Rabadon's Deathcap"", ""Athene's Unholy Grail"", 'Void Staff', ""Sorcerer's Shoes - Homeguard"", 'Haunting Guise', 'Sweeping Lens']",Zhonya's Hourglass,Rabadon's Deathcap,Athene's Unholy Grail,Void Staff,Sorcerer's Shoes - Homeguard,Haunting Guise
4,2014-12-03,Champions 2015 Spring Preseason,SK Telecom T1,HUYA Tigers,Win,SK Telecom T1,HUYA Tigers,Blue,32:07,Ezreal,LeBlanc,7,1,5,12.0,271,,,43,Heal,Flash,"['Trinity Force (0.9.25.21 - 10.22)', 'Last Whisper', 'Muramana', 'Ionian Boots of Lucidity', 'Vampiric Scepter', ""Doran's Blade"", 'Sweeping Lens']",Trinity Force (0.9.25.21 - 10.22),Last Whisper,Muramana,Ionian Boots of Lucidity,Vampiric Scepter,Doran's Blade
