,Date,Tournament,Team,OpponentTeam,W/L,Blue,Red,Side,Length,Champion,Vs,K,D,A,KDA,CS,Gold(thousand),Dmg,CSD,SpellD,SpellF,Items,Item1,Item2,Item3,Item4,Item5,Item6
0,2020-09-09,LCK 2020 Regional Finals,T1,Gen.G,Loss,Gen.G,T1,Red,28:39,Orianna,Ekko,1,1,5,6.0,253,10.3,13.9,-1,Teleport,Flash,"[""Seraph's Embrace"", 'Control Ward', ""Rabadon's Deathcap"", 'EmptyIcon', ""Mercury's Treads"", 'Amplifying Tome', 'Farsight Alteration']",Seraph's Embrace,Control Ward,Rabadon's Deathcap,EmptyIcon,Mercury's Treads,Amplifying Tome
1,2020-09-09,LCK 2020 Regional Finals,T1,Gen.G,Loss,T1,Gen.G,Blue,31:43,Sylas,Sett,4,2,7,5.5,255,12.1,18.7,25,Teleport,Flash,"['Hextech GLP-800', ""Zhonya's Hourglass"", 'Control Ward', ""Doran's Ring"", ""Mercury's Treads"", ""Liandry's Torment"", 'Farsight Alteration']",Hextech GLP-800,Zhonya's Hourglass,Control Ward,Doran's Ring,Mercury's Treads,Liandry's Torment
2,2020-09-09,LCK 2020 Regional Finals,T1,Gen.G,Loss,Gen.G,T1,Red,33:19,Ekko,Azir,4,4,4,2.0,282,14.1,13,-43,Teleport,Flash,"['Hextech Protobelt-01', ""Rabadon's Deathcap"", 'Void Staff', 'Dark Seal', ""Sorcerer's Shoes"", 'Lich Bane', 'Oracle Lens']",Hextech Protobelt-01,Rabadon's Deathcap,Void Staff,Dark Seal,Sorcerer's Shoes,Lich Bane
3,2020-09-08,LCK 2020 Regional Finals,T1,Afreeca Freecs,Win,Afreeca Freecs,T1,Red,28:00,Sylas,Ornn,1,1,9,10.0,225,10.0,12.8,0,Teleport,Flash,"['Hextech GLP-800', ""Zhonya's Hourglass"", 'Blasting Wand', ""Doran's Ring"", 'Amplifying Tome', ""Mercury's Treads"", 'Warding Totem']",Hextech GLP-800,Zhonya's Hourglass,Blasting Wand,Doran's Ring,Amplifying Tome,Mercury's Treads
4,2020-09-08,LCK 2020 Regional Finals,T1,Afreeca Freecs,Win,T1,Afreeca Freecs,Blue,30:14,Zoe,Orianna,4,1,15,19.0,255,12.4,14.2,-33,Teleport,Flash,"[""Zhonya's Hourglass"", 'Needlessly Large Rod', 'Needlessly Large Rod', ""Sorcerer's Shoes"", 'Dark Seal', ""Luden's Echo"", 'Farsight Alteration']",Zhonya's Hourglass,Needlessly Large Rod,Needlessly Large Rod,Sorcerer's Shoes,Dark Seal,Luden's Echo
5,2020-09-08,LCK 2020 Regional Finals,T1,Afreeca Freecs,Loss,Afreeca Freecs,T1,Red,48:50,Zoe,Syndra,4,2,5,4.5,394,18.6,35.6,2,Teleport,Flash,"['Morellonomicon', 'Void Staff', 'Broken Stopwatch', ""Rabadon's Deathcap"", ""Sorcerer's Shoes"", ""Luden's Echo"", 'Farsight Alteration']",Morellonomicon,Void Staff,Broken Stopwatch,Rabadon's Deathcap,Sorcerer's Shoes,Luden's Echo
6,2020-09-08,LCK 2020 Regional Finals,T1,Afreeca Freecs,Win,T1,Afreeca Freecs,Blue,30:11,Galio,Ornn,6,1,8,14.0,252,12.5,21,43,Teleport,Flash,"['Hextech Protobelt-01', ""Zhonya's Hourglass"", 'Blasting Wand', ""Doran's Ring"", ""Sorcerer's Shoes"", 'Oblivion Orb', 'Farsight Alteration']",Hextech Protobelt-01,Zhonya's Hourglass,Blasting Wand,Doran's Ring,Sorcerer's Shoes,Oblivion Orb
