,Date,Tournament,Team,OpponentTeam,W/L,Blue,Red,Side,Length,Champion,Vs,K,D,A,KDA,CS,Gold(thousand),Dmg,CSD,SpellD,SpellF,Items,Item1,Item2,Item3,Item4,Item5,Item6
0,2018-09-12,Korea Regional Finals 2018,SK Telecom T1,Gen.G,Loss,Gen.G,SK Telecom T1,Red,26:56,Akali,Lissandra,3,2,0,1.5,229,9.5,,2,Cleanse,Flash,"['Hextech Gunblade', ""Zhonya's Hourglass"", ""Mercury's Treads"", 'The Dark Seal', 'Blasting Wand', 'Control Ward', 'Warding Totem']",Hextech Gunblade,Zhonya's Hourglass,Mercury's Treads,The Dark Seal,Blasting Wand,Control Ward
1,2018-09-12,Korea Regional Finals 2018,SK Telecom T1,Gen.G,Loss,Gen.G,SK Telecom T1,Red,46:23,Vel'Koz,Ryze,1,2,2,1.5,487,17.9,,-20,Cleanse,Flash,"[""Rabadon's Deathcrown"", ""Luden's Echo"", 'Morellonomicon', 'Void Staff', 'Fiendish Codex', ""Sorcerer's Shoes"", 'Farsight Alteration']",Rabadon's Deathcrown,Luden's Echo,Morellonomicon,Void Staff,Fiendish Codex,Sorcerer's Shoes
2,2018-09-12,Korea Regional Finals 2018,SK Telecom T1,Gen.G,Win,Gen.G,SK Telecom T1,Red,22:54,Irelia,Vel'Koz,4,0,5,9.0,225,10.2,,24,Ignite,Flash,"['Corrupting Potion', 'Trinity Force (0.9.25.21 - 10.22)', ""Mercury's Treads"", ""Wit's End"", 'Control Ward', 'EmptyIcon', 'Warding Totem']",Corrupting Potion,Trinity Force (0.9.25.21 - 10.22),Mercury's Treads,Wit's End,Control Ward,EmptyIcon
3,2018-09-12,Korea Regional Finals 2018,SK Telecom T1,Gen.G,Loss,Gen.G,SK Telecom T1,Red,29:27,Lulu,Zoe,0,2,1,0.5,251,9.2,,-20,Teleport,Flash,"['Corrupting Potion', ""Luden's Echo"", ""Mercury's Treads"", 'The Dark Seal', 'Ardent Censer', 'EmptyIcon', 'Warding Totem']",Corrupting Potion,Luden's Echo,Mercury's Treads,The Dark Seal,Ardent Censer,EmptyIcon
4,2018-09-12,Korea Regional Finals 2018,SK Telecom T1,Gen.G,Win,Gen.G,SK Telecom T1,Red,32:13,Azir,Galio,2,2,5,3.5,331,13.8,,48,Cleanse,Flash,"[""Doran's Ring"", ""Sorcerer's Shoes"", 'Morellonomicon', ""Nashor's Tooth"", 'Void Staff', 'Control Ward', 'Farsight Alteration']",Doran's Ring,Sorcerer's Shoes,Morellonomicon,Nashor's Tooth,Void Staff,Control Ward
