,Date,Tournament,Team,OpponentTeam,W/L,Blue,Red,Side,Length,Champion,Vs,K,D,A,KDA,CS,Gold(thousand),Dmg,CSD,SpellD,SpellF,Items,Item1,Item2,Item3,Item4,Item5,Item6
0,2022-08-13,LCK 2022 Summer,T1,DWG KIA,Win,DWG KIA,T1,Red,31:15,Ahri,Sylas,3,3,10,4.33,233,12.8,23.2,-4,Teleport,Flash,"['Everfrost', 'Blasting Wand', 'Broken Stopwatch', 'Ionian Boots of Lucidity', ""Rabadon's Deathcap"", 'Morellonomicon', 'Oracle Lens']",Everfrost,Blasting Wand,Broken Stopwatch,Ionian Boots of Lucidity,Rabadon's Deathcap,Morellonomicon
1,2022-08-13,LCK 2022 Summer,T1,DWG KIA,Win,T1,DWG KIA,Blue,31:25,Ahri,Azir,6,0,9,15.0,306,14.9,21.8,-3,Teleport,Flash,"['Eternal Winter', 'Void Staff', 'Broken Stopwatch', ""Rabadon's Deathcap"", 'Ionian Boots of Lucidity', ""Mejai's Soulstealer"", 'Oracle Lens']",Eternal Winter,Void Staff,Broken Stopwatch,Rabadon's Deathcap,Ionian Boots of Lucidity,Mejai's Soulstealer
2,2022-08-10,LCK 2022 Summer,T1,Liiv SANDBOX,Loss,T1,Liiv SANDBOX,Blue,23:48,Swain,Azir,1,4,4,1.25,165,7.6,9.8,-48,Teleport,Flash,"['Corrupting Potion', 'Imperial Mandate', 'Control Ward', 'Ionian Boots of Lucidity', ""Rylai's Crystal Scepter"", 'Broken Stopwatch', 'Oracle Lens']",Corrupting Potion,Imperial Mandate,Control Ward,Ionian Boots of Lucidity,Rylai's Crystal Scepter,Broken Stopwatch
3,2022-08-10,LCK 2022 Summer,T1,Liiv SANDBOX,Loss,Liiv SANDBOX,T1,Red,30:31,Azir,Ahri,2,2,2,2.0,284,12.5,17.1,-37,Teleport,Flash,"[""Rabadon's Deathcap"", 'Dark Seal', 'EmptyIcon', 'Crown of the Shattered Queen', ""Sorcerer's Shoes"", 'Void Staff', 'Farsight Alteration']",Rabadon's Deathcap,Dark Seal,EmptyIcon,Crown of the Shattered Queen,Sorcerer's Shoes,Void Staff
4,2022-08-07,LCK 2022 Summer,T1,Nongshim RedForce,Win,T1,Nongshim RedForce,Blue,34:50,Azir,Ahri,3,2,15,9.0,308,15.7,23.8,66,Teleport,Flash,"['Void Staff', ""Sorcerer's Shoes"", ""Zhonya's Hourglass"", 'Shadowflame', ""Mejai's Soulstealer"", 'Crown of the Shattered Queen', 'Farsight Alteration']",Void Staff,Sorcerer's Shoes,Zhonya's Hourglass,Shadowflame,Mejai's Soulstealer,Crown of the Shattered Queen
5,2022-08-07,LCK 2022 Summer,T1,Nongshim RedForce,Loss,Nongshim RedForce,T1,Red,34:04,Azir,Sylas,0,5,1,0.2,293,13.0,20,22,Teleport,Flash,"['Blasting Wand', ""Sorcerer's Shoes"", ""Zhonya's Hourglass"", 'Crown of the Shattered Queen', 'Dark Seal', 'Shadowflame', 'Oracle Lens']",Blasting Wand,Sorcerer's Shoes,Zhonya's Hourglass,Crown of the Shattered Queen,Dark Seal,Shadowflame
6,2022-08-07,LCK 2022 Summer,T1,Nongshim RedForce,Win,Nongshim RedForce,T1,Red,29:04,Azir,Seraphine,5,1,7,12.0,286,15.2,26.9,23,Teleport,Flash,"['Corrupting Potion', 'Shadowflame', ""Zhonya's Hourglass"", ""Luden's Tempest"", ""Sorcerer's Shoes"", ""Rabadon's Deathcap"", 'Farsight Alteration']",Corrupting Potion,Shadowflame,Zhonya's Hourglass,Luden's Tempest,Sorcerer's Shoes,Rabadon's Deathcap
7,2022-08-04,LCK 2022 Summer,T1,Hanwha Life Esports,Win,Hanwha Life Esports,T1,Red,28:01,Taliyah,Sylas,3,2,7,5.0,277,12.9,17.8,54,Ghost,Flash,"[""Seraph's Embrace"", 'Crown of the Shattered Queen', 'Control Ward', 'Void Staff', 'Needlessly Large Rod', 'Ionian Boots of Lucidity', 'Oracle Lens']",Seraph's Embrace,Crown of the Shattered Queen,Control Ward,Void Staff,Needlessly Large Rod,Ionian Boots of Lucidity
8,2022-08-04,LCK 2022 Summer,T1,Hanwha Life Esports,Win,T1,Hanwha Life Esports,Blue,32:25,Galio,Azir,2,1,12,14.0,304,14.0,11.6,50,Teleport,Flash,"['Everfrost', 'EmptyIcon', ""Zhonya's Hourglass"", 'Ionian Boots of Lucidity', ""Mejai's Soulstealer"", ""Rabadon's Deathcap"", 'Oracle Lens']",Everfrost,EmptyIcon,Zhonya's Hourglass,Ionian Boots of Lucidity,Mejai's Soulstealer,Rabadon's Deathcap
9,2022-07-30,LCK 2022 Summer,T1,Gen.G,Loss,T1,Gen.G,Blue,24:55,Azir,Ahri,0,2,2,1.0,215,9.2,15.3,-22,Teleport,Flash,"['Control Ward', ""Luden's Tempest"", ""Zhonya's Hourglass"", 'Hextech Alternator', ""Doran's Ring"", ""Sorcerer's Shoes"", 'Farsight Alteration']",Control Ward,Luden's Tempest,Zhonya's Hourglass,Hextech Alternator,Doran's Ring,Sorcerer's Shoes
10,2022-07-30,LCK 2022 Summer,T1,Gen.G,Loss,T1,Gen.G,Blue,36:04,Twisted Fate,Sylas,0,1,5,5.0,254,12.1,10.2,-151,Teleport,Flash,"['Everfrost', 'Corrupting Potion', ""Zhonya's Hourglass"", 'Aether Wisp', 'Ionian Boots of Lucidity', 'Rapid Firecannon', 'Oracle Lens']",Everfrost,Corrupting Potion,Zhonya's Hourglass,Aether Wisp,Ionian Boots of Lucidity,Rapid Firecannon
11,2022-07-27,LCK 2022 Summer,T1,KT Rolster,Win,T1,KT Rolster,Blue,32:10,Orianna,Ryze,1,2,11,6.0,293,13.3,19.4,-11,Teleport,Flash,"[""Rabadon's Deathcap"", ""Sorcerer's Shoes"", 'EmptyIcon', ""Seraph's Embrace"", ""Luden's Tempest"", 'EmptyIcon', 'Farsight Alteration']",Rabadon's Deathcap,Sorcerer's Shoes,EmptyIcon,Seraph's Embrace,Luden's Tempest,EmptyIcon
12,2022-07-27,LCK 2022 Summer,T1,KT Rolster,Loss,KT Rolster,T1,Red,33:29,Galio,Ryze,2,3,4,2.0,234,10.7,9.5,-103,Teleport,Flash,"['Everfrost', 'Control Ward', ""Zhonya's Hourglass"", 'Ionian Boots of Lucidity', 'Morellonomicon', 'Dark Seal', 'Oracle Lens']",Everfrost,Control Ward,Zhonya's Hourglass,Ionian Boots of Lucidity,Morellonomicon,Dark Seal
13,2022-07-27,LCK 2022 Summer,T1,KT Rolster,Win,T1,KT Rolster,Blue,30:25,Galio,Azir,2,1,4,6.0,251,11.5,7.3,-8,Teleport,Flash,"['Everfrost', 'Control Ward', ""Zhonya's Hourglass"", ""Mercury's Treads"", 'Needlessly Large Rod', 'Dark Seal', 'Oracle Lens']",Everfrost,Control Ward,Zhonya's Hourglass,Mercury's Treads,Needlessly Large Rod,Dark Seal
14,2022-07-23,LCK 2022 Summer,T1,Fredit BRION,Win,Fredit BRION,T1,Red,37:49,Galio,Ryze,2,2,13,7.5,255,13.1,14.1,-82,Teleport,Flash,"['Everfrost', 'EmptyIcon', ""Zhonya's Hourglass"", 'Ionian Boots of Lucidity', ""Rabadon's Deathcap"", 'EmptyIcon', 'Oracle Lens']",Everfrost,EmptyIcon,Zhonya's Hourglass,Ionian Boots of Lucidity,Rabadon's Deathcap,EmptyIcon
15,2022-07-23,LCK 2022 Summer,T1,Fredit BRION,Win,T1,Fredit BRION,Blue,33:37,Sylas,Corki,5,2,4,4.5,298,14.7,21.6,-50,Teleport,Flash,"['Everfrost', 'Void Staff', ""Zhonya's Hourglass"", 'Dark Seal', ""Rabadon's Deathcap"", 'Ionian Boots of Lucidity', 'Oracle Lens']",Everfrost,Void Staff,Zhonya's Hourglass,Dark Seal,Rabadon's Deathcap,Ionian Boots of Lucidity
16,2022-07-23,LCK 2022 Summer,T1,Fredit BRION,Loss,Fredit BRION,T1,Red,32:37,Azir,Ryze,2,3,1,1.0,312,13.4,16.5,-21,Teleport,Flash,"['Corrupting Potion', 'Shadowflame', 'Void Staff', 'Broken Stopwatch', ""Luden's Tempest"", ""Sorcerer's Shoes"", 'Farsight Alteration']",Corrupting Potion,Shadowflame,Void Staff,Broken Stopwatch,Luden's Tempest,Sorcerer's Shoes
17,2022-07-21,LCK 2022 Summer,T1,Kwangdong Freecs,Win,T1,Kwangdong Freecs,Blue,40:03,Taliyah,Ahri,3,1,7,10.0,375,17.4,20.9,43,Ghost,Flash,"[""Seraph's Embrace"", 'Blasting Wand', ""Zhonya's Hourglass"", 'Ionian Boots of Lucidity', ""Rabadon's Deathcap"", 'Crown of the Shattered Queen', 'Oracle Lens']",Seraph's Embrace,Blasting Wand,Zhonya's Hourglass,Ionian Boots of Lucidity,Rabadon's Deathcap,Crown of the Shattered Queen
18,2022-07-21,LCK 2022 Summer,T1,Kwangdong Freecs,Win,T1,Kwangdong Freecs,Blue,32:26,Taliyah,Ahri,2,2,4,3.0,307,14.7,13,26,Ghost,Flash,"['Needlessly Large Rod', 'Void Staff', ""Zhonya's Hourglass"", 'Ionian Boots of Lucidity', 'Caesura', ""Seraph's Embrace"", 'Farsight Alteration']",Needlessly Large Rod,Void Staff,Zhonya's Hourglass,Ionian Boots of Lucidity,Caesura,Seraph's Embrace
19,2022-07-21,LCK 2022 Summer,T1,Kwangdong Freecs,Loss,T1,Kwangdong Freecs,Blue,30:52,Lissandra,Taliyah,1,3,1,0.67,269,10.8,12,-7,Teleport,Flash,"['Corrupting Potion', 'Control Ward', ""Zhonya's Hourglass"", ""Luden's Tempest"", 'Shadowflame', ""Sorcerer's Shoes"", 'Oracle Lens']",Corrupting Potion,Control Ward,Zhonya's Hourglass,Luden's Tempest,Shadowflame,Sorcerer's Shoes
20,2022-07-16,LCK 2022 Summer,T1,DRX,Win,DRX,T1,Red,32:09,Azir,Akali,5,1,7,12.0,311,15.9,28.9,45,Teleport,Flash,"['Crown of the Shattered Queen', 'Blasting Wand', ""Rabadon's Deathcap"", ""Sorcerer's Shoes"", 'Shadowflame', 'Blighting Jewel', 'Farsight Alteration']",Crown of the Shattered Queen,Blasting Wand,Rabadon's Deathcap,Sorcerer's Shoes,Shadowflame,Blighting Jewel
21,2022-07-16,LCK 2022 Summer,T1,DRX,Win,DRX,T1,Red,26:58,Seraphine,Azir,2,1,10,12.0,229,10.5,18.2,-14,Teleport,Flash,"[""Giant's Belt"", ""Liandry's Anguish"", 'Control Ward', ""Seraph's Embrace"", 'Dark Seal', 'Ionian Boots of Lucidity', 'Farsight Alteration']",Giant's Belt,Liandry's Anguish,Control Ward,Seraph's Embrace,Dark Seal,Ionian Boots of Lucidity
22,2022-07-13,LCK 2022 Summer,T1,Hanwha Life Esports,Win,T1,Hanwha Life Esports,Blue,30:28,Corki,Ahri,3,1,3,6.0,344,17.0,21.7,79,Teleport,Flash,"[""Luden's Tempest"", 'Guardian Angel', 'Void Staff', 'Muramana', ""Sorcerer's Shoes"", 'Hexdrinker', 'Farsight Alteration']",Luden's Tempest,Guardian Angel,Void Staff,Muramana,Sorcerer's Shoes,Hexdrinker
23,2022-07-13,LCK 2022 Summer,T1,Hanwha Life Esports,Loss,Hanwha Life Esports,T1,Red,36:46,Seraphine,Azir,2,4,5,1.75,288,13.5,20.2,4,Teleport,Flash,"[""Seraph's Embrace"", ""Luden's Tempest"", 'Needlessly Large Rod', 'Dark Seal', 'Ionian Boots of Lucidity', 'Chemtech Putrifier', 'Farsight Alteration']",Seraph's Embrace,Luden's Tempest,Needlessly Large Rod,Dark Seal,Ionian Boots of Lucidity,Chemtech Putrifier
24,2022-07-13,LCK 2022 Summer,T1,Hanwha Life Esports,Win,Hanwha Life Esports,T1,Red,32:42,Seraphine,Azir,2,0,4,6.0,277,12.9,11.9,-25,Teleport,Flash,"['Ionian Boots of Lucidity', ""Seraph's Embrace"", 'Control Ward', ""Liandry's Anguish"", 'Dark Seal', ""Rylai's Crystal Scepter"", 'Oracle Lens']",Ionian Boots of Lucidity,Seraph's Embrace,Control Ward,Liandry's Anguish,Dark Seal,Rylai's Crystal Scepter
25,2022-07-10,LCK 2022 Summer,T1,Fredit BRION,Win,Fredit BRION,T1,Red,23:42,Yasuo,Seraphine,5,2,8,6.5,216,11.7,10.4,41,Teleport,Flash,"['Immortal Shieldbow', 'Infinity Edge', 'EmptyIcon', ""Berserker's Greaves"", 'Chain Vest', 'EmptyIcon', 'Oracle Lens']",Immortal Shieldbow,Infinity Edge,EmptyIcon,Berserker's Greaves,Chain Vest,EmptyIcon
26,2022-07-10,LCK 2022 Summer,T1,Fredit BRION,Win,T1,Fredit BRION,Blue,29:15,LeBlanc,Ahri,5,0,4,9.0,252,12.1,14.8,0,Teleport,Flash,"['Corrupting Potion', ""Luden's Tempest"", ""Rabadon's Deathcap"", ""Mercury's Treads"", 'Blasting Wand', 'Dark Seal', 'Oracle Lens']",Corrupting Potion,Luden's Tempest,Rabadon's Deathcap,Mercury's Treads,Blasting Wand,Dark Seal
27,2022-07-08,LCK 2022 Summer,T1,Gen.G,Win,Gen.G,T1,Red,31:44,Lissandra,Corki,1,0,6,7.0,231,10.8,10.3,-73,Teleport,Flash,"['EmptyIcon', 'Dark Seal', ""Zhonya's Hourglass"", 'Blasting Wand', ""Sorcerer's Shoes"", ""Liandry's Anguish"", 'Oracle Lens']",EmptyIcon,Dark Seal,Zhonya's Hourglass,Blasting Wand,Sorcerer's Shoes,Liandry's Anguish
28,2022-07-08,LCK 2022 Summer,T1,Gen.G,Win,T1,Gen.G,Blue,30:20,Lissandra,Akali,2,1,6,8.0,293,13.0,16.8,-1,Teleport,Flash,"[""Luden's Tempest"", ""Rabadon's Deathcap"", 'Broken Stopwatch', ""Sorcerer's Shoes"", 'Shadowflame', 'EmptyIcon', 'Oracle Lens']",Luden's Tempest,Rabadon's Deathcap,Broken Stopwatch,Sorcerer's Shoes,Shadowflame,EmptyIcon
29,2022-07-08,LCK 2022 Summer,T1,Gen.G,Loss,Gen.G,T1,Red,30:21,Swain,Azir,0,1,2,2.0,250,9.7,7.4,-74,Teleport,Flash,"['Corrupting Potion', ""Zhonya's Hourglass"", 'Control Ward', ""Rylai's Crystal Scepter"", 'Ionian Boots of Lucidity', 'Imperial Mandate', 'Oracle Lens']",Corrupting Potion,Zhonya's Hourglass,Control Ward,Rylai's Crystal Scepter,Ionian Boots of Lucidity,Imperial Mandate
30,2022-07-01,LCK 2022 Summer,T1,DRX,Win,T1,DRX,Blue,29:56,Swain,Viktor,0,1,7,7.0,258,10.8,10.8,-58,Teleport,Flash,"['EmptyIcon', 'Needlessly Large Rod', ""Zhonya's Hourglass"", 'Imperial Mandate', ""Rylai's Crystal Scepter"", 'Ionian Boots of Lucidity', 'Farsight Alteration']",EmptyIcon,Needlessly Large Rod,Zhonya's Hourglass,Imperial Mandate,Rylai's Crystal Scepter,Ionian Boots of Lucidity
31,2022-07-01,LCK 2022 Summer,T1,DRX,Win,T1,DRX,Blue,39:01,Corki,Ahri,6,3,5,3.67,355,17.5,31.2,-26,Teleport,Flash,"['Muramana', 'Guardian Angel', 'Void Staff', 'Maw of Malmortius', ""Luden's Tempest"", ""Sorcerer's Shoes"", 'Farsight Alteration']",Muramana,Guardian Angel,Void Staff,Maw of Malmortius,Luden's Tempest,Sorcerer's Shoes
32,2022-06-29,LCK 2022 Summer,T1,Kwangdong Freecs,Loss,T1,Kwangdong Freecs,Blue,38:51,Lissandra,Ornn,1,5,7,1.6,328,15.3,18.5,11,Teleport,Flash,"['Everfrost', 'EmptyIcon', ""Zhonya's Hourglass"", 'Void Staff', ""Sorcerer's Shoes"", ""Rabadon's Deathcap"", 'Oracle Lens']",Everfrost,EmptyIcon,Zhonya's Hourglass,Void Staff,Sorcerer's Shoes,Rabadon's Deathcap
33,2022-06-29,LCK 2022 Summer,T1,Kwangdong Freecs,Loss,T1,Kwangdong Freecs,Blue,31:17,Azir,Swain,1,2,0,0.5,276,12.2,20,37,Teleport,Flash,"[""Rylai's Crystal Scepter"", 'Void Staff', 'Needlessly Large Rod', ""Liandry's Anguish"", 'Dark Seal', ""Sorcerer's Shoes"", 'Farsight Alteration']",Rylai's Crystal Scepter,Void Staff,Needlessly Large Rod,Liandry's Anguish,Dark Seal,Sorcerer's Shoes
34,2022-06-29,LCK 2022 Summer,T1,Kwangdong Freecs,Win,T1,Kwangdong Freecs,Blue,27:56,Azir,Ornn,2,1,6,8.0,251,12.9,31.7,53,Teleport,Flash,"[""Rylai's Crystal Scepter"", 'EmptyIcon', 'Stopwatch', ""Sorcerer's Shoes"", ""Liandry's Anguish"", 'Void Staff', 'Farsight Alteration']",Rylai's Crystal Scepter,EmptyIcon,Stopwatch,Sorcerer's Shoes,Liandry's Anguish,Void Staff
35,2022-06-25,LCK 2022 Summer,T1,DWG KIA,Win,DWG KIA,T1,Red,31:48,Galio,Twisted Fate,1,3,10,3.67,226,11.3,14.1,-9,Teleport,Flash,"['Everfrost', 'EmptyIcon', ""Zhonya's Hourglass"", 'Ionian Boots of Lucidity', 'Needlessly Large Rod', 'Needlessly Large Rod', 'Oracle Lens']",Everfrost,EmptyIcon,Zhonya's Hourglass,Ionian Boots of Lucidity,Needlessly Large Rod,Needlessly Large Rod
36,2022-06-25,LCK 2022 Summer,T1,DWG KIA,Win,DWG KIA,T1,Red,31:36,Galio,Twisted Fate,0,2,6,3.0,241,11.6,13.9,-41,Teleport,Flash,"['Everfrost', ""Zhonya's Hourglass"", 'Control Ward', 'Ionian Boots of Lucidity', 'Morellonomicon', 'Aether Wisp', 'Oracle Lens']",Everfrost,Zhonya's Hourglass,Control Ward,Ionian Boots of Lucidity,Morellonomicon,Aether Wisp
37,2022-06-23,LCK 2022 Summer,T1,Liiv SANDBOX,Win,Liiv SANDBOX,T1,Red,24:03,Lissandra,Ahri,3,1,5,8.0,226,9.7,7.7,8,Teleport,Flash,"['Everfrost', 'Corrupting Potion', ""Zhonya's Hourglass"", 'Blighting Jewel', 'Dark Seal', 'Ionian Boots of Lucidity', 'Oracle Lens']",Everfrost,Corrupting Potion,Zhonya's Hourglass,Blighting Jewel,Dark Seal,Ionian Boots of Lucidity
38,2022-06-23,LCK 2022 Summer,T1,Liiv SANDBOX,Win,T1,Liiv SANDBOX,Blue,26:37,Swain,Azir,0,2,9,4.5,223,9.8,15.4,-14,Teleport,Flash,"[""Zhonya's Hourglass"", 'Control Ward', 'EmptyIcon', ""Mercury's Treads"", 'Imperial Mandate', ""Rylai's Crystal Scepter"", 'Oracle Lens']",Zhonya's Hourglass,Control Ward,EmptyIcon,Mercury's Treads,Imperial Mandate,Rylai's Crystal Scepter
39,2022-06-19,LCK 2022 Summer,T1,KT Rolster,Win,KT Rolster,T1,Red,44:20,Corki,Ahri,0,3,11,3.67,405,19.0,28,39,Teleport,Flash,"['Void Staff', 'Muramana', 'Maw of Malmortius', ""Liandry's Anguish"", ""Mercury's Treads"", 'Guardian Angel', 'Farsight Alteration']",Void Staff,Muramana,Maw of Malmortius,Liandry's Anguish,Mercury's Treads,Guardian Angel
40,2022-06-19,LCK 2022 Summer,T1,KT Rolster,Win,T1,KT Rolster,Blue,30:40,Corki,Ahri,1,0,7,8.0,300,13.5,15.5,25,Teleport,Flash,"['Guardian Angel', 'Muramana', 'EmptyIcon', ""Luden's Tempest"", 'Hexdrinker', ""Sorcerer's Shoes"", 'Farsight Alteration']",Guardian Angel,Muramana,EmptyIcon,Luden's Tempest,Hexdrinker,Sorcerer's Shoes
41,2022-06-19,LCK 2022 Summer,T1,KT Rolster,Loss,KT Rolster,T1,Red,31:57,Kassadin,Azir,1,4,1,0.5,321,12.7,10.3,48,Teleport,Flash,"['Everfrost', 'Void Staff', ""Seeker's Armguard"", ""Seraph's Embrace"", 'Ionian Boots of Lucidity', 'Broken Stopwatch', 'Oracle Lens']",Everfrost,Void Staff,Seeker's Armguard,Seraph's Embrace,Ionian Boots of Lucidity,Broken Stopwatch
42,2022-06-17,LCK 2022 Summer,T1,Nongshim RedForce,Win,Nongshim RedForce,T1,Red,46:29,Azir,Corki,3,5,3,1.2,393,18.3,20.4,7,Teleport,Flash,"['Fiendish Codex', 'Void Staff', ""Zhonya's Hourglass"", ""Sorcerer's Shoes"", ""Luden's Tempest"", ""Rabadon's Deathcap"", 'Farsight Alteration']",Fiendish Codex,Void Staff,Zhonya's Hourglass,Sorcerer's Shoes,Luden's Tempest,Rabadon's Deathcap
43,2022-06-17,LCK 2022 Summer,T1,Nongshim RedForce,Win,T1,Nongshim RedForce,Blue,38:10,Akali,Viktor,6,0,2,8.0,357,16.7,15.6,3,Ignite,Flash,"['Hextech Rocketbelt', ""Zhonya's Hourglass"", 'Needlessly Large Rod', ""Sorcerer's Shoes"", 'Shadowflame', 'Void Staff', 'Oracle Lens']",Hextech Rocketbelt,Zhonya's Hourglass,Needlessly Large Rod,Sorcerer's Shoes,Shadowflame,Void Staff
