,Date,Tournament,Team,OpponentTeam,W/L,Blue,Red,Side,Length,Champion,Vs,K,D,A,KDA,CS,Gold(thousand),Dmg,CSD,SpellD,SpellF,Items,Item1,Item2,Item3,Item4,Item5,Item6
0,2022-11-06,Worlds 2022 Main Event,T1,DRX,Loss,T1,DRX,Blue,42:09,Viktor,Azir,2,5,4,1.2,325,15.4,22.5,-62,Teleport,Flash,"['Control Ward', 'Void Staff', ""Zhonya's Hourglass"", 'Ionian Boots of Lucidity', 'Lich Bane', ""Luden's Tempest"", 'Farsight Alteration']",Control Ward,Void Staff,Zhonya's Hourglass,Ionian Boots of Lucidity,Lich Bane,Luden's Tempest
1,2022-11-06,Worlds 2022 Main Event,T1,DRX,Loss,DRX,T1,Red,28:45,Akali,Azir,0,3,0,0.0,236,9.3,9,-55,Teleport,Flash,"['Hextech Rocketbelt', 'Control Ward', 'Stopwatch', ""Sorcerer's Shoes"", 'Shadowflame', ""Doran's Shield"", 'Oracle Lens']",Hextech Rocketbelt,Control Ward,Stopwatch,Sorcerer's Shoes,Shadowflame,Doran's Shield
2,2022-11-06,Worlds 2022 Main Event,T1,DRX,Win,T1,DRX,Blue,32:12,Azir,Sylas,3,5,1,0.8,252,12.7,21.8,-25,Teleport,Flash,"['Void Staff', ""Liandry's Anguish"", 'Control Ward', ""Sorcerer's Shoes"", 'Shadowflame', 'Needlessly Large Rod', 'Farsight Alteration']",Void Staff,Liandry's Anguish,Control Ward,Sorcerer's Shoes,Shadowflame,Needlessly Large Rod
3,2022-11-06,Worlds 2022 Main Event,T1,DRX,Loss,DRX,T1,Red,46:12,Viktor,Sylas,4,5,2,1.2,406,19.1,43.9,-9,Teleport,Flash,"['Void Staff', 'Lich Bane', ""Zhonya's Hourglass"", 'Ionian Boots of Lucidity', 'Crown of the Shattered Queen', ""Rabadon's Deathcap"", 'Farsight Alteration']",Void Staff,Lich Bane,Zhonya's Hourglass,Ionian Boots of Lucidity,Crown of the Shattered Queen,Rabadon's Deathcap
4,2022-11-06,Worlds 2022 Main Event,T1,DRX,Win,T1,DRX,Blue,31:11,Azir,Sylas,6,1,4,10.0,306,15.0,26,21,Teleport,Flash,"[""Sorcerer's Shoes"", ""Rabadon's Deathcap"", 'EmptyIcon', 'Morellonomicon', 'Crown of the Shattered Queen', 'Void Staff', 'Farsight Alteration']",Sorcerer's Shoes,Rabadon's Deathcap,EmptyIcon,Morellonomicon,Crown of the Shattered Queen,Void Staff
5,2022-10-30,Worlds 2022 Main Event,T1,JD Gaming,Win,JD Gaming,T1,Red,24:54,Azir,Sylas,3,3,11,4.67,205,10.9,19.8,36,Teleport,Flash,"['Oblivion Orb', 'Void Staff', 'Broken Stopwatch', ""Liandry's Anguish"", 'Dark Seal', ""Sorcerer's Shoes"", 'Farsight Alteration']",Oblivion Orb,Void Staff,Broken Stopwatch,Liandry's Anguish,Dark Seal,Sorcerer's Shoes
6,2022-10-29,Worlds 2022 Main Event,T1,JD Gaming,Win,JD Gaming,T1,Red,30:54,Ryze,Azir,7,3,5,4.0,284,14.6,20.2,11,Teleport,Flash,"['Everfrost', 'EmptyIcon', ""Zhonya's Hourglass"", ""Seraph's Embrace"", ""Mercury's Treads"", ""Rabadon's Deathcap"", 'Oracle Lens']",Everfrost,EmptyIcon,Zhonya's Hourglass,Seraph's Embrace,Mercury's Treads,Rabadon's Deathcap
7,2022-10-29,Worlds 2022 Main Event,T1,JD Gaming,Win,T1,JD Gaming,Blue,33:60,Ryze,Sylas,0,3,6,2.0,293,14.3,17.9,32,Teleport,Flash,"['Everfrost', 'EmptyIcon', ""Zhonya's Hourglass"", ""Rabadon's Deathcap"", 'Ionian Boots of Lucidity', ""Seraph's Embrace"", 'Oracle Lens']",Everfrost,EmptyIcon,Zhonya's Hourglass,Rabadon's Deathcap,Ionian Boots of Lucidity,Seraph's Embrace
8,2022-10-29,Worlds 2022 Main Event,T1,JD Gaming,Loss,T1,JD Gaming,Blue,39:53,Galio,Taliyah,2,5,6,1.6,263,13.2,19.9,-62,Ghost,Flash,"['Everfrost', 'Control Ward', ""Zhonya's Hourglass"", 'Dark Seal', ""Rabadon's Deathcap"", ""Mercury's Treads"", 'Oracle Lens']",Everfrost,Control Ward,Zhonya's Hourglass,Dark Seal,Rabadon's Deathcap,Mercury's Treads
9,2022-10-21,Worlds 2022 Main Event,T1,Royal Never Give Up,Win,Royal Never Give Up,T1,Red,26:33,Akali,Sylas,7,3,7,4.67,193,11.1,20.3,0,Teleport,Flash,"['Hextech Rocketbelt', ""Seeker's Armguard"", 'Broken Stopwatch', ""Sorcerer's Shoes"", 'Morellonomicon', 'Dark Seal', 'Oracle Lens']",Hextech Rocketbelt,Seeker's Armguard,Broken Stopwatch,Sorcerer's Shoes,Morellonomicon,Dark Seal
10,2022-10-21,Worlds 2022 Main Event,T1,Royal Never Give Up,Win,Royal Never Give Up,T1,Red,42:00,Akali,Sylas,3,2,6,4.5,329,16.6,26.3,-46,Teleport,Flash,"['Hextech Rocketbelt', 'EmptyIcon', ""Zhonya's Hourglass"", 'Morellonomicon', ""Sorcerer's Shoes"", 'Shadowflame', 'Oracle Lens']",Hextech Rocketbelt,EmptyIcon,Zhonya's Hourglass,Morellonomicon,Sorcerer's Shoes,Shadowflame
11,2022-10-21,Worlds 2022 Main Event,T1,Royal Never Give Up,Win,T1,Royal Never Give Up,Blue,38:09,Viktor,Akali,3,3,7,3.33,326,15.8,24.4,-7,Teleport,Flash,"['Control Ward', ""Rabadon's Deathcap"", ""Zhonya's Hourglass"", 'Crown of the Shattered Queen', ""Sorcerer's Shoes"", 'Lich Bane', 'Oracle Lens']",Control Ward,Rabadon's Deathcap,Zhonya's Hourglass,Crown of the Shattered Queen,Sorcerer's Shoes,Lich Bane
12,2022-10-13,Worlds 2022 Main Event,T1,EDward Gaming,Win,EDward Gaming,T1,Red,28:14,Viktor,Lissandra,6,3,15,7.0,208,12.6,30.1,7,Teleport,Flash,"['Lich Bane', ""Mercury's Treads"", 'EmptyIcon', ""Luden's Tempest"", 'Void Staff', 'EmptyIcon', 'Farsight Alteration']",Lich Bane,Mercury's Treads,EmptyIcon,Luden's Tempest,Void Staff,EmptyIcon
13,2022-10-13,Worlds 2022 Main Event,T1,Cloud9,Win,T1,Cloud9,Blue,23:19,Sylas,Akali,1,3,5,2.0,156,8.5,10,2,Teleport,Flash,"['Everfrost', ""Doran's Ring"", 'Broken Stopwatch', 'Fiendish Codex', ""Seeker's Armguard"", 'Ionian Boots of Lucidity', 'Oracle Lens']",Everfrost,Doran's Ring,Broken Stopwatch,Fiendish Codex,Seeker's Armguard,Ionian Boots of Lucidity
14,2022-10-13,Worlds 2022 Main Event,T1,Fnatic,Win,T1,Fnatic,Blue,29:07,Sylas,Akali,6,3,1,2.33,182,11.4,13.6,-74,Teleport,Flash,"['Everfrost', 'EmptyIcon', ""Zhonya's Hourglass"", 'Needlessly Large Rod', 'EmptyIcon', 'Ionian Boots of Lucidity', 'Oracle Lens']",Everfrost,EmptyIcon,Zhonya's Hourglass,Needlessly Large Rod,EmptyIcon,Ionian Boots of Lucidity
15,2022-10-10,Worlds 2022 Main Event,T1,Cloud9,Win,Cloud9,T1,Red,25:00,Lissandra,Azir,0,1,9,9.0,200,9.0,7,-30,Teleport,Flash,"['Everfrost', 'EmptyIcon', ""Zhonya's Hourglass"", 'Fiendish Codex', 'Ionian Boots of Lucidity', 'Dark Seal', 'Oracle Lens']",Everfrost,EmptyIcon,Zhonya's Hourglass,Fiendish Codex,Ionian Boots of Lucidity,Dark Seal
16,2022-10-08,Worlds 2022 Main Event,T1,Fnatic,Loss,Fnatic,T1,Red,29:14,Akali,Azir,1,4,0,0.25,202,9.1,11.6,-64,Teleport,Flash,"['Hextech Rocketbelt', 'EmptyIcon', ""Zhonya's Hourglass"", 'EmptyIcon', 'Dark Seal', ""Sorcerer's Shoes"", 'Oracle Lens']",Hextech Rocketbelt,EmptyIcon,Zhonya's Hourglass,EmptyIcon,Dark Seal,Sorcerer's Shoes
17,2022-10-08,Worlds 2022 Main Event,T1,EDward Gaming,Win,T1,EDward Gaming,Blue,22:52,Akali,Azir,7,1,7,14.0,169,9.7,12.7,-19,Teleport,Flash,"['Hextech Rocketbelt', 'Shadowflame', 'EmptyIcon', ""Sorcerer's Shoes"", 'EmptyIcon', 'Dark Seal', 'Oracle Lens']",Hextech Rocketbelt,Shadowflame,EmptyIcon,Sorcerer's Shoes,EmptyIcon,Dark Seal
