,Date,Tournament,Team,OpponentTeam,W/L,Blue,Red,Side,Length,Champion,Vs,K,D,A,KDA,CS,Gold(thousand),Dmg,CSD,SpellD,SpellF,Items,Item1,Item2,Item3,Item4,Item5,Item6
0,2017-08-06,LCK 2017 Summer,SK Telecom T1,Bbq Olivers,Win,SK Telecom T1,Bbq Olivers,Blue,36:16,Orianna,Lucian,1,4,7,2.0,324,14.5,,19,Heal,Flash,"[""Doran's Ring"", 'Morellonomicon', ""Luden's Echo"", 'Needlessly Large Rod', 'Void Staff', ""Sorcerer's Shoes"", 'Oracle Alteration']",Doran's Ring,Morellonomicon,Luden's Echo,Needlessly Large Rod,Void Staff,Sorcerer's Shoes
1,2017-08-06,LCK 2017 Summer,SK Telecom T1,Bbq Olivers,Win,Bbq Olivers,SK Telecom T1,Red,39:35,Lucian,Syndra,2,1,4,6.0,434,19.1,,70,Cleanse,Flash,"['Blade of the Ruined King', 'Maw of Malmortius', 'Phantom Dancer', 'B. F. Sword', 'Ninja Tabi', 'The Black Cleaver', 'Oracle Alteration']",Blade of the Ruined King,Maw of Malmortius,Phantom Dancer,B. F. Sword,Ninja Tabi,The Black Cleaver
2,2017-08-06,LCK 2017 Summer,SK Telecom T1,Bbq Olivers,Loss,SK Telecom T1,Bbq Olivers,Blue,26:20,Kassadin,Taliyah,3,1,0,3.0,248,10.2,,1,Teleport,Flash,"['The Dark Seal', 'Refillable Potion', 'Rod of Ages', 'Lich Bane', ""Mercury's Treads"", ""Seeker's Armguard"", 'Warding Totem']",The Dark Seal,Refillable Potion,Rod of Ages,Lich Bane,Mercury's Treads,Seeker's Armguard
3,2017-08-03,LCK 2017 Summer,SK Telecom T1,KT Rolster,Win,SK Telecom T1,KT Rolster,Blue,33:01,Lucian,Galio,2,3,2,1.33,323,14.5,,41,Cleanse,Flash,"['Blade of the Ruined King', ""Doran's Blade"", 'Cloak of Agility', ""Berserker's Greaves"", 'The Black Cleaver', 'Phantom Dancer', 'Oracle Alteration']",Blade of the Ruined King,Doran's Blade,Cloak of Agility,Berserker's Greaves,The Black Cleaver,Phantom Dancer
4,2017-08-03,LCK 2017 Summer,SK Telecom T1,KT Rolster,Loss,KT Rolster,SK Telecom T1,Red,26:41,Lucian,Galio,0,5,1,0.2,253,9.3,,17,Cleanse,Flash,"['Blade of the Ruined King', ""Berserker's Greaves"", ""Doran's Blade"", 'Refillable Potion', 'The Black Cleaver', 'EmptyIcon', 'Oracle Alteration']",Blade of the Ruined King,Berserker's Greaves,Doran's Blade,Refillable Potion,The Black Cleaver,EmptyIcon
5,2017-08-03,LCK 2017 Summer,SK Telecom T1,KT Rolster,Win,SK Telecom T1,KT Rolster,Blue,32:51,Cassiopeia,Taliyah,1,1,2,3.0,316,13.9,,6,Cleanse,Flash,"[""Seraph's Embrace"", 'The Dark Seal', 'Zeal', 'Rod of Ages', 'Morellonomicon', 'Void Staff', 'Oracle Alteration']",Seraph's Embrace,The Dark Seal,Zeal,Rod of Ages,Morellonomicon,Void Staff
6,2017-07-28,LCK 2017 Summer,SK Telecom T1,ROX Tigers,Win,ROX Tigers,SK Telecom T1,Red,35:35,Lucian,Corki,3,1,4,7.0,365,16.1,,15,Cleanse,Flash,"['Blade of the Ruined King', 'Infinity Edge', 'EmptyIcon', ""Berserker's Greaves"", 'The Black Cleaver', 'Phantom Dancer', 'Oracle Alteration']",Blade of the Ruined King,Infinity Edge,EmptyIcon,Berserker's Greaves,The Black Cleaver,Phantom Dancer
7,2017-07-28,LCK 2017 Summer,SK Telecom T1,ROX Tigers,Win,SK Telecom T1,ROX Tigers,Blue,39:29,Cassiopeia,Syndra,5,0,4,9.0,435,19.6,,108,Cleanse,Flash,"[""Seraph's Embrace"", 'Needlessly Large Rod', 'Rod of Ages', ""Banshee's Veil"", 'Morellonomicon', 'Void Staff', 'Oracle Alteration']",Seraph's Embrace,Needlessly Large Rod,Rod of Ages,Banshee's Veil,Morellonomicon,Void Staff
8,2017-07-26,LCK 2017 Summer,SK Telecom T1,Ever8 Winners,Win,SK Telecom T1,Ever8 Winners,Blue,29:39,Lucian,Syndra,3,1,2,5.0,311,14.0,,16,Cleanse,Flash,"['Blade of the Ruined King', 'Hexdrinker', ""Doran's Shield"", ""Berserker's Greaves"", 'The Black Cleaver', 'Phantom Dancer', 'Oracle Alteration']",Blade of the Ruined King,Hexdrinker,Doran's Shield,Berserker's Greaves,The Black Cleaver,Phantom Dancer
9,2017-07-26,LCK 2017 Summer,SK Telecom T1,Ever8 Winners,Win,Ever8 Winners,SK Telecom T1,Red,37:08,Orianna,Syndra,3,2,5,4.0,342,15.8,,-56,Heal,Flash,"[""Doran's Ring"", 'Morellonomicon', ""Sorcerer's Shoes"", ""Banshee's Veil"", 'Void Staff', ""Rabadon's Deathcap"", 'Farsight Alteration']",Doran's Ring,Morellonomicon,Sorcerer's Shoes,Banshee's Veil,Void Staff,Rabadon's Deathcap
10,2017-07-20,LCK 2017 Summer,SK Telecom T1,Longzhu Gaming,Loss,SK Telecom T1,Longzhu Gaming,Blue,28:59,Karma,Taliyah,1,3,3,1.33,246,9.8,,-5,Teleport,Flash,"[""Doran's Ring"", 'Morellonomicon', ""Athene's Unholy Grail"", ""Sorcerer's Shoes"", 'Blasting Wand', 'Needlessly Large Rod', 'Oracle Alteration']",Doran's Ring,Morellonomicon,Athene's Unholy Grail,Sorcerer's Shoes,Blasting Wand,Needlessly Large Rod
11,2017-07-20,LCK 2017 Summer,SK Telecom T1,Longzhu Gaming,Loss,Longzhu Gaming,SK Telecom T1,Red,32:25,Galio,Taliyah,4,4,5,2.25,258,11.7,,-28,Teleport,Flash,"['The Dark Seal', 'Thornmail', 'Negatron Cloak', ""Mercury's Treads"", 'Adaptive Helm', 'Iceborn Gauntlet', 'Warding Totem']",The Dark Seal,Thornmail,Negatron Cloak,Mercury's Treads,Adaptive Helm,Iceborn Gauntlet
12,2017-07-18,LCK 2017 Summer,SK Telecom T1,Jin Air Green Wings,Loss,SK Telecom T1,Jin Air Green Wings,Blue,35:16,Taliyah,LeBlanc,1,4,5,1.5,307,12.7,,8,Heal,Flash,"[""Doran's Ring"", ""Rabadon's Deathcap"", ""Mercury's Treads"", ""Banshee's Veil"", 'EmptyIcon', 'Void Staff', 'Oracle Alteration']",Doran's Ring,Rabadon's Deathcap,Mercury's Treads,Banshee's Veil,EmptyIcon,Void Staff
13,2017-07-18,LCK 2017 Summer,SK Telecom T1,Jin Air Green Wings,Loss,Jin Air Green Wings,SK Telecom T1,Red,28:39,Syndra,Lucian,1,4,0,0.25,272,10.5,,15,Ghost,Flash,"[""Doran's Ring"", ""Luden's Echo"", 'Refillable Potion', 'Morellonomicon', ""Sorcerer's Shoes"", 'Amplifying Tome', 'Oracle Alteration']",Doran's Ring,Luden's Echo,Refillable Potion,Morellonomicon,Sorcerer's Shoes,Amplifying Tome
14,2017-07-15,LCK 2017 Summer,SK Telecom T1,Afreeca Freecs,Loss,SK Telecom T1,Afreeca Freecs,Blue,40:07,Taliyah,Kassadin,2,3,1,1.0,381,14.8,,64,Heal,Flash,"[""Liandry's Torment"", 'Needlessly Large Rod', 'The Dark Seal', ""Mercury's Treads"", ""Banshee's Veil"", 'Void Staff', 'Oracle Alteration']",Liandry's Torment,Needlessly Large Rod,The Dark Seal,Mercury's Treads,Banshee's Veil,Void Staff
15,2017-07-15,LCK 2017 Summer,SK Telecom T1,Afreeca Freecs,Loss,Afreeca Freecs,SK Telecom T1,Red,33:15,Taliyah,Corki,1,3,2,1.0,263,11.1,,-9,Ghost,Flash,"[""Doran's Ring"", 'The Dark Seal', ""Sorcerer's Shoes"", ""Banshee's Veil"", 'Morellonomicon', 'Void Staff', 'Warding Totem']",Doran's Ring,The Dark Seal,Sorcerer's Shoes,Banshee's Veil,Morellonomicon,Void Staff
16,2017-07-13,LCK 2017 Summer,SK Telecom T1,Samsung Galaxy,Loss,Samsung Galaxy,SK Telecom T1,Red,25:07,Corki,Taliyah,0,2,1,0.5,259,9.1,,56,Teleport,Flash,"[""Doran's Shield"", 'Refillable Potion', ""Sorcerer's Shoes"", 'Trinity Force (0.9.25.21 - 10.22)', 'Rapid Firecannon', 'Control Ward', 'Warding Totem']",Doran's Shield,Refillable Potion,Sorcerer's Shoes,Trinity Force (0.9.25.21 - 10.22),Rapid Firecannon,Control Ward
17,2017-07-13,LCK 2017 Summer,SK Telecom T1,Samsung Galaxy,Loss,SK Telecom T1,Samsung Galaxy,Blue,40:41,Kassadin,Taliyah,5,6,4,1.5,308,15.8,,-51,Teleport,Flash,"[""Zhonya's Hourglass"", 'Amplifying Tome', 'Rod of Ages', ""Mercury's Treads"", 'Lich Bane', 'Void Staff', 'Warding Totem']",Zhonya's Hourglass,Amplifying Tome,Rod of Ages,Mercury's Treads,Lich Bane,Void Staff
18,2017-07-02,LCK 2017 Summer,SK Telecom T1,MVP,Win,MVP,SK Telecom T1,Red,38:54,Taliyah,Syndra,8,1,9,17.0,355,19.2,,3,Cleanse,Flash,"['Void Staff', ""Mercury's Treads"", ""Luden's Echo"", ""Rabadon's Deathcap"", ""Banshee's Veil"", 'Morellonomicon', 'Oracle Alteration']",Void Staff,Mercury's Treads,Luden's Echo,Rabadon's Deathcap,Banshee's Veil,Morellonomicon
19,2017-07-02,LCK 2017 Summer,SK Telecom T1,MVP,Win,SK Telecom T1,MVP,Blue,43:33,LeBlanc,Syndra,6,1,5,11.0,443,20.6,,48,Teleport,Flash,"['Hextech Gunblade', 'Morellonomicon', ""Rabadon's Deathcap"", ""Mercury's Treads"", ""Banshee's Veil"", 'Void Staff', 'Oracle Alteration']",Hextech Gunblade,Morellonomicon,Rabadon's Deathcap,Mercury's Treads,Banshee's Veil,Void Staff
20,2017-06-27,LCK 2017 Summer,SK Telecom T1,KT Rolster,Win,KT Rolster,SK Telecom T1,Red,44:34,Corki,Karma,5,1,1,6.0,505,22.2,,121,Heal,Flash,"['Statikk Shiv', 'Trinity Force (0.9.25.21 - 10.22)', ""Sorcerer's Shoes"", 'Rapid Firecannon', 'Infinity Edge', 'Maw of Malmortius', 'Oracle Alteration']",Statikk Shiv,Trinity Force (0.9.25.21 - 10.22),Sorcerer's Shoes,Rapid Firecannon,Infinity Edge,Maw of Malmortius
21,2017-06-27,LCK 2017 Summer,SK Telecom T1,KT Rolster,Win,SK Telecom T1,KT Rolster,Blue,44:36,Orianna,Corki,1,2,9,5.0,512,19.9,,144,Heal,Flash,"[""Rabadon's Deathcap"", ""Sorcerer's Shoes"", 'Morellonomicon', ""Banshee's Veil"", ""Luden's Echo"", 'Void Staff', 'Oracle Alteration']",Rabadon's Deathcap,Sorcerer's Shoes,Morellonomicon,Banshee's Veil,Luden's Echo,Void Staff
22,2017-06-27,LCK 2017 Summer,SK Telecom T1,KT Rolster,Loss,KT Rolster,SK Telecom T1,Red,25:01,Karma,Corki,0,2,2,1.0,184,7.6,,-52,Teleport,Flash,"[""Doran's Ring"", 'Morellonomicon', ""Sorcerer's Shoes"", 'Refillable Potion', 'Ardent Censer', 'Control Ward', 'Oracle Alteration']",Doran's Ring,Morellonomicon,Sorcerer's Shoes,Refillable Potion,Ardent Censer,Control Ward
23,2017-06-22,LCK 2017 Summer,SK Telecom T1,ROX Tigers,Win,SK Telecom T1,ROX Tigers,Blue,41:33,Taliyah,Lucian,4,2,5,4.5,356,18.0,,-53,Cleanse,Flash,"[""Zhonya's Hourglass"", ""Sorcerer's Shoes"", 'Void Staff', 'Needlessly Large Rod', ""Liandry's Torment"", ""Rylai's Crystal Scepter"", 'Oracle Alteration']",Zhonya's Hourglass,Sorcerer's Shoes,Void Staff,Needlessly Large Rod,Liandry's Torment,Rylai's Crystal Scepter
24,2017-06-22,LCK 2017 Summer,SK Telecom T1,ROX Tigers,Win,ROX Tigers,SK Telecom T1,Red,47:01,Cassiopeia,Galio,3,3,12,5.0,437,21.2,,59,Cleanse,Flash,"[""Seraph's Embrace"", 'Morellonomicon', ""Banshee's Veil"", 'Rod of Ages', ""Rabadon's Deathcap"", 'Void Staff', 'Oracle Alteration']",Seraph's Embrace,Morellonomicon,Banshee's Veil,Rod of Ages,Rabadon's Deathcap,Void Staff
25,2017-06-20,LCK 2017 Summer,SK Telecom T1,Jin Air Green Wings,Win,Jin Air Green Wings,SK Telecom T1,Red,27:48,Cassiopeia,Galio,1,0,3,4.0,276,11.8,,52,Cleanse,Flash,"[""Seraph's Embrace"", 'Rod of Ages', 'EmptyIcon', 'Morellonomicon', 'EmptyIcon', 'Refillable Potion', 'Oracle Alteration']",Seraph's Embrace,Rod of Ages,EmptyIcon,Morellonomicon,EmptyIcon,Refillable Potion
26,2017-06-20,LCK 2017 Summer,SK Telecom T1,Jin Air Green Wings,Win,SK Telecom T1,Jin Air Green Wings,Blue,35:23,Taliyah,LeBlanc,8,1,8,16.0,345,17.6,,50,Cleanse,Flash,"['Void Staff', ""Liandry's Torment"", ""Banshee's Veil"", ""Sorcerer's Shoes"", ""Rylai's Crystal Scepter"", 'Fiendish Codex', 'Oracle Alteration']",Void Staff,Liandry's Torment,Banshee's Veil,Sorcerer's Shoes,Rylai's Crystal Scepter,Fiendish Codex
27,2017-06-18,LCK 2017 Summer,SK Telecom T1,Afreeca Freecs,Win,SK Telecom T1,Afreeca Freecs,Blue,32:05,Orianna,Viktor,3,1,4,7.0,337,14.5,,36,Ghost,Flash,"[""Doran's Ring"", ""Sorcerer's Shoes"", 'Morellonomicon', 'The Dark Seal', 'Needlessly Large Rod', ""Luden's Echo"", 'Oracle Alteration']",Doran's Ring,Sorcerer's Shoes,Morellonomicon,The Dark Seal,Needlessly Large Rod,Luden's Echo
28,2017-06-18,LCK 2017 Summer,SK Telecom T1,Afreeca Freecs,Win,Afreeca Freecs,SK Telecom T1,Red,44:54,Karma,Taliyah,5,2,4,4.5,410,19.4,,-12,Teleport,Flash,"['Void Staff', ""Mercury's Treads"", ""Athene's Unholy Grail"", 'Ardent Censer', ""Rabadon's Deathcap"", ""Liandry's Torment"", 'Oracle Alteration']",Void Staff,Mercury's Treads,Athene's Unholy Grail,Ardent Censer,Rabadon's Deathcap,Liandry's Torment
29,2017-06-18,LCK 2017 Summer,SK Telecom T1,Afreeca Freecs,Loss,SK Telecom T1,Afreeca Freecs,Blue,42:51,Galio,Malzahar,1,6,5,1.0,355,14.8,,5,Teleport,Flash,"['Gargoyle Stoneplate', 'Quicksilver Sash', 'Adaptive Helm', ""Mercury's Treads"", 'Iceborn Gauntlet', 'Thornmail', 'Warding Totem']",Gargoyle Stoneplate,Quicksilver Sash,Adaptive Helm,Mercury's Treads,Iceborn Gauntlet,Thornmail
30,2017-06-14,LCK 2017 Summer,SK Telecom T1,MVP,Win,SK Telecom T1,MVP,Blue,42:24,Cassiopeia,Orianna,4,2,5,4.5,413,17.9,,111,Ghost,Flash,"[""Seraph's Embrace"", 'Corrupting Potion', 'Fiendish Codex', 'Rod of Ages', ""Banshee's Veil"", ""Rabadon's Deathcap"", 'Oracle Alteration']",Seraph's Embrace,Corrupting Potion,Fiendish Codex,Rod of Ages,Banshee's Veil,Rabadon's Deathcap
31,2017-06-14,LCK 2017 Summer,SK Telecom T1,MVP,Win,MVP,SK Telecom T1,Red,39:24,Lucian,Orianna,6,0,2,8.0,422,20.1,,76,Exhaust,Flash,"['Blade of the Ruined King', ""Berserker's Greaves"", 'Infinity Edge', 'The Black Cleaver', 'Phantom Dancer', 'Maw of Malmortius', 'Warding Totem']",Blade of the Ruined King,Berserker's Greaves,Infinity Edge,The Black Cleaver,Phantom Dancer,Maw of Malmortius
32,2017-06-10,LCK 2017 Summer,SK Telecom T1,Ever8 Winners,Win,Ever8 Winners,SK Telecom T1,Red,22:42,Cassiopeia,Viktor,6,1,2,8.0,239,12.2,,93,Ghost,Flash,"['Corrupting Potion', 'Tear of the Goddess', 'The Dark Seal', 'Rod of Ages', 'Morellonomicon', 'Fiendish Codex', 'Oracle Alteration']",Corrupting Potion,Tear of the Goddess,The Dark Seal,Rod of Ages,Morellonomicon,Fiendish Codex
33,2017-06-10,LCK 2017 Summer,SK Telecom T1,Ever8 Winners,Win,SK Telecom T1,Ever8 Winners,Blue,42:43,Galio,Lucian,2,0,8,10.0,465,19.0,,44,Teleport,Flash,"['Gargoyle Stoneplate', 'Ninja Tabi', ""Liandry's Torment"", 'Abyssal Mask', 'Frozen Heart', 'Thornmail', 'Oracle Alteration']",Gargoyle Stoneplate,Ninja Tabi,Liandry's Torment,Abyssal Mask,Frozen Heart,Thornmail
34,2017-06-07,LCK 2017 Summer,SK Telecom T1,Longzhu Gaming,Win,SK Telecom T1,Longzhu Gaming,Blue,54:58,Taliyah,Kassadin,7,4,9,4.0,425,22.9,,60,Ghost,Flash,"[""Zhonya's Hourglass"", ""Sorcerer's Shoes"", ""Rabadon's Deathcap"", ""Banshee's Veil"", 'Void Staff', ""Liandry's Torment"", 'Oracle Alteration']",Zhonya's Hourglass,Sorcerer's Shoes,Rabadon's Deathcap,Banshee's Veil,Void Staff,Liandry's Torment
35,2017-06-07,LCK 2017 Summer,SK Telecom T1,Longzhu Gaming,Win,Longzhu Gaming,SK Telecom T1,Red,34:42,Taliyah,Zed,3,1,10,13.0,309,14.7,,-4,Barrier,Flash,"[""Zhonya's Hourglass"", 'Ninja Tabi', 'Blasting Wand', ""Doran's Ring"", ""Liandry's Torment"", ""Rylai's Crystal Scepter"", 'Oracle Alteration']",Zhonya's Hourglass,Ninja Tabi,Blasting Wand,Doran's Ring,Liandry's Torment,Rylai's Crystal Scepter
36,2017-06-07,LCK 2017 Summer,SK Telecom T1,Longzhu Gaming,Loss,SK Telecom T1,Longzhu Gaming,Blue,36:50,Cassiopeia,Taliyah,1,1,3,4.0,330,13.4,,-33,Ghost,Flash,"[""Seraph's Embrace"", 'Corrupting Potion', 'The Dark Seal', 'Rod of Ages', ""Banshee's Veil"", 'Void Staff', 'Oracle Alteration']",Seraph's Embrace,Corrupting Potion,The Dark Seal,Rod of Ages,Banshee's Veil,Void Staff
37,2017-06-04,LCK 2017 Summer,SK Telecom T1,Bbq Olivers,Win,SK Telecom T1,Bbq Olivers,Blue,31:44,Galio,Corki,6,3,7,4.33,272,13.9,,-6,Teleport,Flash,"['Talisman of Ascension', 'Thornmail', 'The Dark Seal', 'Abyssal Scepter', ""Mercury's Treads"", 'Frozen Heart', 'Warding Totem']",Talisman of Ascension,Thornmail,The Dark Seal,Abyssal Scepter,Mercury's Treads,Frozen Heart
38,2017-06-04,LCK 2017 Summer,SK Telecom T1,Bbq Olivers,Win,Bbq Olivers,SK Telecom T1,Red,24:45,Taliyah,Kassadin,2,0,4,6.0,276,11.6,,62,Ghost,Flash,"[""Doran's Ring"", ""Doran's Ring"", ""Sorcerer's Shoes"", 'Haunting Guise', 'Morellonomicon', ""Rylai's Crystal Scepter"", 'Oracle Alteration']",Doran's Ring,Doran's Ring,Sorcerer's Shoes,Haunting Guise,Morellonomicon,Rylai's Crystal Scepter
39,2017-05-31,LCK 2017 Summer,SK Telecom T1,Samsung Galaxy,Loss,SK Telecom T1,Samsung Galaxy,Blue,29:48,Galio,Syndra,0,3,3,1.0,240,10.1,,-9,Teleport,Flash,"['Corrupting Potion', 'The Dark Seal', 'Frozen Heart', ""Mercury's Treads"", 'Abyssal Scepter', 'Aegis of the Legion', 'Warding Totem']",Corrupting Potion,The Dark Seal,Frozen Heart,Mercury's Treads,Abyssal Scepter,Aegis of the Legion
40,2017-05-31,LCK 2017 Summer,SK Telecom T1,Samsung Galaxy,Loss,Samsung Galaxy,SK Telecom T1,Red,30:12,Orianna,Taliyah,0,1,2,2.0,283,10.5,,0,Ghost,Flash,"[""Doran's Ring"", ""Sorcerer's Shoes"", 'Morellonomicon', ""Banshee's Veil"", 'Refillable Potion', 'Needlessly Large Rod', 'Oracle Alteration']",Doran's Ring,Sorcerer's Shoes,Morellonomicon,Banshee's Veil,Refillable Potion,Needlessly Large Rod
