,Date,Tournament,Team,OpponentTeam,W/L,Blue,Red,Side,Length,Champion,Vs,K,D,A,KDA,CS,Gold(thousand),Dmg,CSD,SpellD,SpellF,Items,Item1,Item2,Item3,Item4,Item5,Item6
0,2016-08-12,LCK 2016 Summer Playoffs,SK Telecom T1,KT Rolster,Loss,SK Telecom T1,KT Rolster,Blue,47:20,Karma,Lissandra,0,2,7,3.5,397,15.4,,42,Cleanse,Flash,"[""Liandry's Torment"", ""Athene's Unholy Grail"", ""Rabadon's Deathcap"", ""Sorcerer's Shoes"", 'Void Staff', 'Sheen', 'Farsight Alteration']",Liandry's Torment,Athene's Unholy Grail,Rabadon's Deathcap,Sorcerer's Shoes,Void Staff,Sheen
1,2016-08-12,LCK 2016 Summer Playoffs,SK Telecom T1,KT Rolster,Loss,KT Rolster,SK Telecom T1,Red,40:44,Cassiopeia,Aurelion Sol,1,6,0,0.17,329,13.5,,54,Ghost,Flash,"[""Seraph's Embrace"", ""Doran's Ring"", 'Morellonomicon', ""Rylai's Crystal Scepter"", 'Blasting Wand', 'Negatron Cloak', 'Warding Totem']",Seraph's Embrace,Doran's Ring,Morellonomicon,Rylai's Crystal Scepter,Blasting Wand,Negatron Cloak
2,2016-08-12,LCK 2016 Summer Playoffs,SK Telecom T1,KT Rolster,Loss,KT Rolster,SK Telecom T1,Red,33:06,Kassadin,Ekko,1,3,0,0.33,280,11.2,,50,Ignite,Flash,"[""Zhonya's Hourglass"", 'The Dark Seal', 'Rod of Ages', 'Ionian Boots of Lucidity', 'Lich Bane', 'Corrupting Potion', 'Warding Totem']",Zhonya's Hourglass,The Dark Seal,Rod of Ages,Ionian Boots of Lucidity,Lich Bane,Corrupting Potion
3,2016-08-12,LCK 2016 Summer Playoffs,SK Telecom T1,KT Rolster,Win,KT Rolster,SK Telecom T1,Red,25:52,Malzahar,Varus,1,0,8,9.0,225,10.6,,8,Ghost,Flash,"[""Doran's Ring"", 'Morellonomicon', ""Rylai's Crystal Scepter"", ""Sorcerer's Shoes"", 'Refillable Potion', 'Blasting Wand', 'Oracle Alteration']",Doran's Ring,Morellonomicon,Rylai's Crystal Scepter,Sorcerer's Shoes,Refillable Potion,Blasting Wand
4,2016-08-12,LCK 2016 Summer Playoffs,SK Telecom T1,KT Rolster,Win,KT Rolster,SK Telecom T1,Red,41:01,Malzahar,Aurelion Sol,2,2,10,6.0,340,16.0,,-21,Ghost,Flash,"[""Doran's Ring"", 'Morellonomicon', ""Sorcerer's Shoes"", ""Rylai's Crystal Scepter"", 'Void Staff', ""Liandry's Torment"", 'Warding Totem']",Doran's Ring,Morellonomicon,Sorcerer's Shoes,Rylai's Crystal Scepter,Void Staff,Liandry's Torment
