,Date,Tournament,Team,OpponentTeam,W/L,Blue,Red,Side,Length,Champion,Vs,K,D,A,KDA,CS,Gold(thousand),Dmg,CSD,SpellD,SpellF,Items,Item1,Item2,Item3,Item4,Item5,Item6
0,2019-04-13,LCK 2019 Spring Playoffs,SK Telecom T1,Griffin (Korean Team),Win,Griffin (Korean Team),SK Telecom T1,Red,30:09,Ryze,Sylas,3,2,6,4.5,294,12.8,,54,Teleport,Flash,"[""Seraph's Embrace"", 'Broken Stopwatch', ""Mercury's Treads"", ""Banshee's Veil"", 'Morellonomicon', 'Amplifying Tome', 'Warding Totem']",Seraph's Embrace,Broken Stopwatch,Mercury's Treads,Banshee's Veil,Morellonomicon,Amplifying Tome
1,2019-04-13,LCK 2019 Spring Playoffs,SK Telecom T1,Griffin (Korean Team),Win,SK Telecom T1,Griffin (Korean Team),Blue,29:44,Azir,Lissandra,5,0,5,10.0,328,14.0,,50,Cleanse,Flash,"[""Banshee's Veil"", ""Nashor's Tooth"", ""Sorcerer's Shoes"", 'Morellonomicon', 'Needlessly Large Rod', 'Control Ward', 'Warding Totem']",Banshee's Veil,Nashor's Tooth,Sorcerer's Shoes,Morellonomicon,Needlessly Large Rod,Control Ward
2,2019-04-13,LCK 2019 Spring Playoffs,SK Telecom T1,Griffin (Korean Team),Win,Griffin (Korean Team),SK Telecom T1,Red,38:45,Ryze,Akali,5,1,4,9.0,383,16.7,,2,Teleport,Flash,"[""Seraph's Embrace"", ""Rabadon's Deathcap"", ""Banshee's Veil"", ""Mercury's Treads"", 'Void Staff', 'Control Ward', 'Warding Totem']",Seraph's Embrace,Rabadon's Deathcap,Banshee's Veil,Mercury's Treads,Void Staff,Control Ward
3,2019-04-07,LCK 2019 Spring Playoffs,SK Telecom T1,Kingzone DragonX,Win,SK Telecom T1,Kingzone DragonX,Blue,37:17,Akali,Azir,5,0,4,9.0,377,16.7,,38,Ignite,Flash,"['Hextech Gunblade', ""Zhonya's Hourglass"", ""Rabadon's Deathcap"", 'Morellonomicon', ""Sorcerer's Shoes"", 'EmptyIcon', 'Warding Totem']",Hextech Gunblade,Zhonya's Hourglass,Rabadon's Deathcap,Morellonomicon,Sorcerer's Shoes,EmptyIcon
4,2019-04-07,LCK 2019 Spring Playoffs,SK Telecom T1,Kingzone DragonX,Win,Kingzone DragonX,SK Telecom T1,Red,45:44,Sylas,LeBlanc,5,4,9,3.5,459,20.5,,18,Teleport,Flash,"['Hextech Protobelt-01', ""Zhonya's Hourglass"", ""Luden's Echo"", ""Mercury's Treads"", ""Rabadon's Deathcap"", 'Void Staff', 'Farsight Alteration']",Hextech Protobelt-01,Zhonya's Hourglass,Luden's Echo,Mercury's Treads,Rabadon's Deathcap,Void Staff
5,2019-04-07,LCK 2019 Spring Playoffs,SK Telecom T1,Kingzone DragonX,Win,SK Telecom T1,Kingzone DragonX,Blue,39:13,Lissandra,Corki,5,5,6,2.2,350,16.3,,13,Teleport,Flash,"['Hextech Protobelt-01', ""Zhonya's Hourglass"", ""Rabadon's Deathcap"", ""Sorcerer's Shoes"", ""Luden's Echo"", 'EmptyIcon', 'Farsight Alteration']",Hextech Protobelt-01,Zhonya's Hourglass,Rabadon's Deathcap,Sorcerer's Shoes,Luden's Echo,EmptyIcon
