,Date,Tournament,Team,OpponentTeam,W/L,Blue,Red,Side,Length,Champion,Vs,K,D,A,KDA,CS,Gold(thousand),Dmg,CSD,SpellD,SpellF,Items,Item1,Item2,Item3,Item4,Item5,Item6
0,2020-04-25,LCK 2020 Spring Playoffs,T1,Gen.G,Win,Gen.G,T1,Red,29:36,Azir,Zilean,3,1,9,12.0,242,12.5,,6,Teleport,Flash,"['Refillable Potion', 'Blasting Wand', ""Luden's Pulse"", 'Morellonomicon', ""Nashor's Tooth"", ""Sorcerer's Shoes"", 'Farsight Alteration']",Refillable Potion,Blasting Wand,Luden's Pulse,Morellonomicon,Nashor's Tooth,Sorcerer's Shoes
1,2020-04-25,LCK 2020 Spring Playoffs,T1,Gen.G,Win,T1,Gen.G,Blue,30:16,Corki,Zilean,4,0,5,9.0,340,15.5,,80,Teleport,Flash,"['Control Ward', 'Infinity Edge', 'Trinity Force (0.9.25.21 - 10.22)', 'Rapid Firecannon', 'Muramana', ""Sorcerer's Shoes"", 'Farsight Alteration']",Control Ward,Infinity Edge,Trinity Force (0.9.25.21 - 10.22),Rapid Firecannon,Muramana,Sorcerer's Shoes
2,2020-04-25,LCK 2020 Spring Playoffs,T1,Gen.G,Win,T1,Gen.G,Blue,45:27,Corki,Azir,2,0,5,7.0,452,19.7,,25,Teleport,Flash,"['Bloodthirster', 'Muramana', 'Infinity Edge', 'Rapid Firecannon', ""Sorcerer's Shoes"", 'Trinity Force (0.9.25.21 - 10.22)', 'Farsight Alteration']",Bloodthirster,Muramana,Infinity Edge,Rapid Firecannon,Sorcerer's Shoes,Trinity Force (0.9.25.21 - 10.22)
3,2020-04-22,LCK 2020 Spring Playoffs,T1,DragonX,Win,DragonX,T1,Red,29:18,Corki,LeBlanc,4,1,7,11.0,262,13.0,,5,Teleport,Flash,"['EmptyIcon', 'Trinity Fusion', 'Rapid Firecannon', 'Muramana', 'Hexdrinker', ""Sorcerer's Shoes"", 'Farsight Alteration']",EmptyIcon,Trinity Fusion,Rapid Firecannon,Muramana,Hexdrinker,Sorcerer's Shoes
4,2020-04-22,LCK 2020 Spring Playoffs,T1,DragonX,Loss,T1,DragonX,Blue,35:12,Rumble,Aatrox,1,1,2,3.0,361,13.7,,2,Heal,Flash,"[""Zhonya's Hourglass"", 'Needlessly Large Rod', 'Morellonomicon', ""Sorcerer's Shoes"", ""Doran's Shield"", 'Void Staff', 'Farsight Alteration']",Zhonya's Hourglass,Needlessly Large Rod,Morellonomicon,Sorcerer's Shoes,Doran's Shield,Void Staff
5,2020-04-22,LCK 2020 Spring Playoffs,T1,DragonX,Win,DragonX,T1,Red,30:34,Corki,Kalista,5,1,7,12.0,318,14.9,,24,Exhaust,Flash,"['B. F. Sword', ""Sorcerer's Shoes"", 'Muramana', 'Cloak of Agility', 'Trinity Force (0.9.25.21 - 10.22)', 'Rapid Firecannon', 'Farsight Alteration']",B. F. Sword,Sorcerer's Shoes,Muramana,Cloak of Agility,Trinity Force (0.9.25.21 - 10.22),Rapid Firecannon
6,2020-04-22,LCK 2020 Spring Playoffs,T1,DragonX,Win,T1,DragonX,Blue,34:58,Akali,Gangplank,5,3,6,3.67,308,15.5,,-49,Teleport,Flash,"['Hextech Gunblade', ""Zhonya's Paradox"", 'Void Staff', ""Sorcerer's Shoes"", 'Blasting Wand', 'Oblivion Orb', 'Farsight Alteration']",Hextech Gunblade,Zhonya's Paradox,Void Staff,Sorcerer's Shoes,Blasting Wand,Oblivion Orb
