,Date,Tournament,Team,OpponentTeam,W/L,Blue,Red,Side,Length,Champion,Vs,K,D,A,KDA,CS,Gold(thousand),Dmg,CSD,SpellD,SpellF,Items,Item1,Item2,Item3,Item4,Item5,Item6
0,2018-12-27,KeSPA Cup 2018,SK Telecom T1,DAMWON Gaming,Loss,SK Telecom T1,DAMWON Gaming,Blue,34:57,Azir,Galio,2,2,4,3.0,356,14.4,,41,Cleanse,Flash,"['Morellonomicon', ""Nashor's Tooth"", ""Banshee's Veil"", ""Sorcerer's Shoes"", ""Rabadon's Deathcap"", 'EmptyIcon', 'Warding Totem']",Morellonomicon,Nashor's Tooth,Banshee's Veil,Sorcerer's Shoes,Rabadon's Deathcap,EmptyIcon
1,2018-12-27,KeSPA Cup 2018,SK Telecom T1,DAMWON Gaming,Loss,DAMWON Gaming,SK Telecom T1,Red,36:17,LeBlanc,Ryze,4,4,4,2.0,280,13.9,,-83,Ignite,Flash,"['Corrupting Potion', ""Zhonya's Hourglass"", ""Luden's Echo"", 'Morellonomicon', ""Mejai's Soulstealer"", ""Sorcerer's Shoes"", 'Warding Totem']",Corrupting Potion,Zhonya's Hourglass,Luden's Echo,Morellonomicon,Mejai's Soulstealer,Sorcerer's Shoes
2,2018-12-27,KeSPA Cup 2018,SK Telecom T1,DAMWON Gaming,Win,SK Telecom T1,DAMWON Gaming,Blue,35:05,Lissandra,Ryze,3,2,10,6.5,316,14.3,,39,Teleport,Flash,"['Hextech Protobelt-01', ""Zhonya's Hourglass"", 'Morellonomicon', 'The Dark Seal', 'Blasting Wand', ""Mercury's Treads"", 'Warding Totem']",Hextech Protobelt-01,Zhonya's Hourglass,Morellonomicon,The Dark Seal,Blasting Wand,Mercury's Treads
3,2018-12-25,KeSPA Cup 2018,SK Telecom T1,Bbq Olivers,Win,SK Telecom T1,Bbq Olivers,Blue,34:20,Lissandra,Orianna,2,3,6,2.67,318,,,21,Teleport,Flash,"[""Rabadon's Deathcap"", ""Zhonya's Hourglass"", 'Hextech Protobelt-01', 'Ionian Boots of Lucidity', 'Blasting Wand', 'Control Ward', 'Warding Totem']",Rabadon's Deathcap,Zhonya's Hourglass,Hextech Protobelt-01,Ionian Boots of Lucidity,Blasting Wand,Control Ward
4,2018-12-25,KeSPA Cup 2018,SK Telecom T1,Bbq Olivers,Win,SK Telecom T1,Bbq Olivers,Blue,22:20,Lissandra,Orianna,0,0,8,8.0,194,,,-22,Teleport,Flash,"['Hextech Protobelt-01', ""Mercury's Treads"", ""Seeker's Armguard"", 'Fiendish Codex', 'Corrupting Potion', 'The Dark Seal', 'Warding Totem']",Hextech Protobelt-01,Mercury's Treads,Seeker's Armguard,Fiendish Codex,Corrupting Potion,The Dark Seal
5,2018-12-20,KeSPA Cup 2018,SK Telecom T1,APK Prince,Win,SK Telecom T1,APK Prince,Blue,28:16,Lissandra,LeBlanc,5,5,7,2.4,280,,,95,Teleport,Flash,"[""Rabadon's Deathcap"", ""Zhonya's Hourglass"", 'Hextech Protobelt-01', ""Mejai's Soulstealer"", 'Ionian Boots of Lucidity', 'Corrupting Potion', 'Warding Totem']",Rabadon's Deathcap,Zhonya's Hourglass,Hextech Protobelt-01,Mejai's Soulstealer,Ionian Boots of Lucidity,Corrupting Potion
6,2018-12-20,KeSPA Cup 2018,SK Telecom T1,APK Prince,Win,APK Prince,SK Telecom T1,Red,26:22,Lissandra,Irelia,5,2,8,6.5,233,,,19,Teleport,Flash,"[""Zhonya's Hourglass"", 'Hextech Protobelt-01', ""Mejai's Soulstealer"", 'Ionian Boots of Lucidity', 'Blasting Wand', 'Corrupting Potion', 'Warding Totem']",Zhonya's Hourglass,Hextech Protobelt-01,Mejai's Soulstealer,Ionian Boots of Lucidity,Blasting Wand,Corrupting Potion
