,Date,Tournament,Team,OpponentTeam,W/L,Blue,Red,Side,Length,Champion,Vs,K,D,A,KDA,CS,Gold(thousand),Dmg,CSD,SpellD,SpellF,Items,Item1,Item2,Item3,Item4,Item5,Item6
0,2017-12-10,All-Star 2017 Los Angeles,LCK Allstars,LPL Allstars,Loss,LPL Allstars,LCK Allstars,Red,35:11,Azir,Malzahar,4,5,1,1.0,341,14.6,,3,Cleanse,Flash,"['Quicksilver Sash', ""Nashor's Tooth"", ""Sorcerer's Shoes"", 'Void Staff', 'Haunting Guise', ""Rabadon's Deathcap"", 'Warding Totem']",Quicksilver Sash,Nashor's Tooth,Sorcerer's Shoes,Void Staff,Haunting Guise,Rabadon's Deathcap
1,2017-12-10,All-Star 2017 Los Angeles,LCK Allstars,LPL Allstars,Win,LCK Allstars,LPL Allstars,Blue,50:06,Zoe,Kassadin,6,3,9,5.0,395,19.6,,-83,Cleanse,Flash,"[""Banshee's Veil"", ""Mercury's Treads"", 'Morellonomicon', 'Void Staff', ""Liandry's Torment"", ""Rabadon's Deathcap"", 'Warding Totem']",Banshee's Veil,Mercury's Treads,Morellonomicon,Void Staff,Liandry's Torment,Rabadon's Deathcap
2,2017-12-10,All-Star 2017 Los Angeles,LCK Allstars,LPL Allstars,Loss,LPL Allstars,LCK Allstars,Red,32:11,Azir,Malzahar,2,3,0,0.67,343,12.9,,13,Heal,Flash,"[""Doran's Ring"", ""Nashor's Tooth"", ""Sorcerer's Shoes"", ""Banshee's Veil"", 'Needlessly Large Rod', ""Liandry's Torment"", 'Warding Totem']",Doran's Ring,Nashor's Tooth,Sorcerer's Shoes,Banshee's Veil,Needlessly Large Rod,Liandry's Torment
3,2017-12-09,All-Star 2017 Los Angeles,LCK Allstars,TCL Allstars,Win,LCK Allstars,TCL Allstars,Blue,25:05,Ryze,Syndra,6,1,6,12.0,309,14.0,,69,Cleanse,Flash,"[""Seraph's Embrace"", 'Needlessly Large Rod', ""Mercury's Treads"", 'Rod of Ages', 'Morellonomicon', 'Control Ward', 'Warding Totem']",Seraph's Embrace,Needlessly Large Rod,Mercury's Treads,Rod of Ages,Morellonomicon,Control Ward
4,2017-12-08,All-Star 2017 Los Angeles,LCK Allstars,LMS Allstars,Loss,LMS Allstars,LCK Allstars,Red,41:01,Taliyah,Zoe,1,7,2,0.43,415,14.9,,61,Cleanse,Flash,"[""Rabadon's Deathcap"", ""Mercury's Treads"", 'Control Ward', 'Morellonomicon', ""Banshee's Veil"", 'Void Staff', 'Warding Totem']",Rabadon's Deathcap,Mercury's Treads,Control Ward,Morellonomicon,Banshee's Veil,Void Staff
5,2017-12-07,All-Star 2017 Los Angeles,LCK Allstars,EU LCS Allstars,Win,LCK Allstars,EU LCS Allstars,Blue,27:46,Malzahar,Xerath,7,0,4,11.0,330,15.0,,94,Heal,Flash,"[""Zhonya's Hourglass"", 'Morellonomicon', ""Doran's Ring"", ""Liandry's Torment"", 'Ionian Boots of Lucidity', 'EmptyIcon', 'Warding Totem']",Zhonya's Hourglass,Morellonomicon,Doran's Ring,Liandry's Torment,Ionian Boots of Lucidity,EmptyIcon
