,Date,Tournament,Team,OpponentTeam,W/L,Blue,Red,Side,Length,Champion,Vs,K,D,A,KDA,CS,Gold(thousand),Dmg,CSD,SpellD,SpellF,Items,Item1,Item2,Item3,Item4,Item5,Item6
0,2016-11-18,KeSPA Cup 2016,SK Telecom T1,ROX Tigers,Loss,ROX Tigers,SK Telecom T1,Red,43:27,Viktor,Vladimir,2,3,1,1.0,446,17.4,,73,Ghost,Flash,"['Perfect Hex Core', ""Rabadon's Deathcap"", 'Morellonomicon', 'Negatron Cloak', 'Ionian Boots of Lucidity', 'Void Staff', 'Farsight Alteration']",Perfect Hex Core,Rabadon's Deathcap,Morellonomicon,Negatron Cloak,Ionian Boots of Lucidity,Void Staff
1,2016-11-18,KeSPA Cup 2016,SK Telecom T1,ROX Tigers,Loss,SK Telecom T1,ROX Tigers,Blue,33:38,Ryze,Cassiopeia,2,3,3,1.67,306,12.3,,39,Ghost,Flash,"[""Seraph's Embrace"", 'Refillable Potion', 'Ionian Boots of Lucidity', 'Rod of Ages', 'Abyssal Scepter', 'EmptyIcon', 'Farsight Alteration']",Seraph's Embrace,Refillable Potion,Ionian Boots of Lucidity,Rod of Ages,Abyssal Scepter,EmptyIcon
2,2016-11-14,KeSPA Cup 2016,SK Telecom T1,MVP,Win,SK Telecom T1,MVP,Blue,39:06,Ryze,Malzahar,5,1,8,13.0,394,19.2,,118,Ghost,Flash,"[""Seraph's Embrace"", 'Mercurial Scimitar', 'Ionian Boots of Lucidity', 'Rod of Ages', 'Void Staff', ""Rabadon's Deathcap"", 'Warding Totem']",Seraph's Embrace,Mercurial Scimitar,Ionian Boots of Lucidity,Rod of Ages,Void Staff,Rabadon's Deathcap
3,2016-11-14,KeSPA Cup 2016,SK Telecom T1,MVP,Win,MVP,SK Telecom T1,Red,35:38,Galio,Viktor,3,0,5,8.0,333,15.1,,38,Teleport,Flash,"['Void Staff', 'The Dark Seal', ""Mercury's Treads"", 'Spirit Visage', 'Rod of Ages', ""Rabadon's Deathcap"", 'Warding Totem']",Void Staff,The Dark Seal,Mercury's Treads,Spirit Visage,Rod of Ages,Rabadon's Deathcap
4,2016-11-11,KeSPA Cup 2016,SK Telecom T1,Chungnam,Win,SK Telecom T1,Chungnam,Blue,25:08,Cassiopeia,Vladimir,5,0,6,11.0,236,11.8,,95,Ghost,Flash,"[""Seraph's Embrace"", 'Morellonomicon', ""Doran's Ring"", ""Rylai's Crystal Scepter"", 'Blasting Wand', 'Amplifying Tome', 'Farsight Alteration']",Seraph's Embrace,Morellonomicon,Doran's Ring,Rylai's Crystal Scepter,Blasting Wand,Amplifying Tome
5,2016-11-11,KeSPA Cup 2016,SK Telecom T1,Chungnam,Win,Chungnam,SK Telecom T1,Red,34:30,Malzahar,Vladimir,6,3,7,4.33,275,14.2,,2,Ghost,Flash,"[""Doran's Ring"", ""Sorcerer's Shoes"", 'Morellonomicon', ""Doran's Ring"", ""Rylai's Crystal Scepter"", ""Liandry's Torment"", 'Farsight Alteration']",Doran's Ring,Sorcerer's Shoes,Morellonomicon,Doran's Ring,Rylai's Crystal Scepter,Liandry's Torment
