,Date,Tournament,Team,OpponentTeam,W/L,Blue,Red,Side,Length,Champion,Vs,K,D,A,KDA,CS,Gold(thousand),Dmg,CSD,SpellD,SpellF,Items,Item1,Item2,Item3,Item4,Item5,Item6
0,2020-01-03,KeSPA Cup 2019,T1,SANDBOX Gaming,Loss,T1,SANDBOX Gaming,Blue,33:19,Nautilus,Orianna,2,3,1,1.0,221,10.3,,-33,Teleport,Flash,"['Hextech Protobelt-01', ""Zhonya's Hourglass"", 'Corrupting Potion', ""Warden's Mail"", ""Mercury's Treads"", 'Dark Seal', 'Warding Totem']",Hextech Protobelt-01,Zhonya's Hourglass,Corrupting Potion,Warden's Mail,Mercury's Treads,Dark Seal
1,2020-01-03,KeSPA Cup 2019,T1,SANDBOX Gaming,Win,T1,SANDBOX Gaming,Blue,28:31,Mordekaiser,Azir,5,1,7,12.0,277,12.6,,30,Teleport,Flash,"['Hextech Protobelt-01', ""Zhonya's Hourglass"", 'Control Ward', ""Mercury's Treads"", 'Amplifying Tome', ""Nashor's Tooth"", 'Warding Totem']",Hextech Protobelt-01,Zhonya's Hourglass,Control Ward,Mercury's Treads,Amplifying Tome,Nashor's Tooth
2,2020-01-03,KeSPA Cup 2019,T1,SANDBOX Gaming,Loss,T1,SANDBOX Gaming,Blue,37:07,Orianna,Qiyana,0,2,5,2.5,304,12.5,,-3,Cleanse,Flash,"['Hextech GLP-800', 'Spellbinder', ""Zhonya's Hourglass"", 'Needlessly Large Rod', 'Dark Seal', ""Sorcerer's Shoes"", 'Farsight Alteration']",Hextech GLP-800,Spellbinder,Zhonya's Hourglass,Needlessly Large Rod,Dark Seal,Sorcerer's Shoes
3,2020-01-03,KeSPA Cup 2019,T1,SANDBOX Gaming,Loss,SANDBOX Gaming,T1,Red,37:00,Mordekaiser,Qiyana,3,3,3,2.0,353,14.5,,33,Teleport,Flash,"['Hextech Protobelt-01', ""Zhonya's Hourglass"", ""Liandry's Torment"", 'Control Ward', ""Nashor's Tooth"", ""Mercury's Treads"", 'Warding Totem']",Hextech Protobelt-01,Zhonya's Hourglass,Liandry's Torment,Control Ward,Nashor's Tooth,Mercury's Treads
4,2019-12-31,KeSPA Cup 2019,T1,Gen.G,Win,Gen.G,T1,Red,47:17,Lissandra,LeBlanc,2,2,9,5.5,375,18.0,,88,Teleport,Flash,"['Hextech Protobelt-01', ""Zhonya's Hourglass"", 'Void Staff', ""Mercury's Treads"", 'Needlessly Large Rod', ""Luden's Echo"", 'Farsight Alteration']",Hextech Protobelt-01,Zhonya's Hourglass,Void Staff,Mercury's Treads,Needlessly Large Rod,Luden's Echo
5,2019-12-31,KeSPA Cup 2019,T1,Gen.G,Loss,Gen.G,T1,Red,34:22,Rumble,Ryze,0,4,4,1.0,279,11.4,,-70,Teleport,Flash,"[""Zhonya's Hourglass"", 'Morellonomicon', ""Liandry's Torment"", ""Mercury's Treads"", 'EmptyIcon', 'EmptyIcon', 'Warding Totem']",Zhonya's Hourglass,Morellonomicon,Liandry's Torment,Mercury's Treads,EmptyIcon,EmptyIcon
6,2019-12-31,KeSPA Cup 2019,T1,Gen.G,Win,Gen.G,T1,Red,35:49,Cassiopeia,Nautilus,4,2,8,6.0,314,15.0,,81,Teleport,Flash,"[""Seraph's Embrace"", 'Spellbinder', ""Zhonya's Hourglass"", 'Control Ward', 'Rod of Ages', 'Kindlegem', 'Farsight Alteration']",Seraph's Embrace,Spellbinder,Zhonya's Hourglass,Control Ward,Rod of Ages,Kindlegem
