,Date,Tournament,Team,OpponentTeam,W/L,Blue,Red,Side,Length,Champion,Vs,K,D,A,KDA,CS,Gold(thousand),Dmg,CSD,SpellD,SpellF,Items,Item1,Item2,Item3,Item4,Item5,Item6
0,2015-04-24,Champions 2015 Spring Playoffs,SK Telecom T1,CJ Entus,Win,SK Telecom T1,CJ Entus,Blue,33:24,LeBlanc,Azir,15,1,10,25.0,275,16.2,,82,Ignite,Flash,"[""Zhonya's Hourglass"", 'Morellonomicon', ""Rabadon's Deathcap"", 'Void Staff', 'Needlessly Large Rod', ""Sorcerer's Shoes"", 'Sweeping Lens']",Zhonya's Hourglass,Morellonomicon,Rabadon's Deathcap,Void Staff,Needlessly Large Rod,Sorcerer's Shoes
1,2015-04-24,Champions 2015 Spring Playoffs,SK Telecom T1,CJ Entus,Win,SK Telecom T1,CJ Entus,Blue,70:36,Lulu,Ziggs,4,2,13,8.5,583,27.0,,-24,Ignite,Flash,"['Lich Bane', ""Athene's Unholy Grail"", ""Sorcerer's Shoes - Homeguard"", ""Rabadon's Deathcap"", 'Void Staff', ""Luden's Echo"", 'Greater Stealth Totem']",Lich Bane,Athene's Unholy Grail,Sorcerer's Shoes - Homeguard,Rabadon's Deathcap,Void Staff,Luden's Echo
2,2015-04-24,Champions 2015 Spring Playoffs,SK Telecom T1,CJ Entus,Win,CJ Entus,SK Telecom T1,Red,30:07,Lulu,Ryze,5,0,5,10.0,271,12.9,,57,Ignite,Flash,"[""Doran's Ring"", ""Athene's Unholy Grail"", ""Doran's Ring"", ""Rabadon's Deathcap"", ""Sorcerer's Shoes"", 'Lich Bane', 'Greater Stealth Totem']",Doran's Ring,Athene's Unholy Grail,Doran's Ring,Rabadon's Deathcap,Sorcerer's Shoes,Lich Bane
3,2015-04-24,Champions 2015 Spring Playoffs,SK Telecom T1,CJ Entus,Loss,SK Telecom T1,CJ Entus,Blue,30:48,Xerath,Vladimir,1,2,0,0.5,262,9.7,,-26,Heal,Flash,"[""Doran's Ring"", ""Sorcerer's Shoes - Homeguard"", 'Morellonomicon', ""Rabadon's Deathcap"", ""Mejai's Soulstealer"", 'EmptyIcon', 'Greater Stealth Totem']",Doran's Ring,Sorcerer's Shoes - Homeguard,Morellonomicon,Rabadon's Deathcap,Mejai's Soulstealer,EmptyIcon
