,Date,Tournament,Team,OpponentTeam,W/L,Blue,Red,Side,Length,Champion,Vs,K,D,A,KDA,CS,Gold(thousand),Dmg,CSD,SpellD,SpellF,Items,Item1,Item2,Item3,Item4,Item5,Item6
0,2014-08-30,Korea Regional Finals 2014,SK Telecom T1 K,NaJin White Shield,Loss,NaJin White Shield,SK Telecom T1 K,Red,51:29,Xerath,Orianna,1,1,0,1.0,497,,,-1,Heal,Flash,"[""Rabadon's Deathcap"", ""Zhonya's Hourglass"", ""Liandry's Torment"", ""Athene's Unholy Grail"", 'Void Staff', ""Sorcerer's Shoes - Homeguard"", 'Sweeping Lens']",Rabadon's Deathcap,Zhonya's Hourglass,Liandry's Torment,Athene's Unholy Grail,Void Staff,Sorcerer's Shoes - Homeguard
1,2014-08-30,Korea Regional Finals 2014,SK Telecom T1 K,NaJin White Shield,Win,SK Telecom T1 K,NaJin White Shield,Blue,26:41,Xerath,Ahri,3,0,7,10.0,205,,,-9,Heal,Flash,"[""Rabadon's Deathcap"", ""Athene's Unholy Grail"", ""Sorcerer's Shoes"", 'Blasting Wand', ""Doran's Ring"", 'Vision Ward', 'Sweeping Lens']",Rabadon's Deathcap,Athene's Unholy Grail,Sorcerer's Shoes,Blasting Wand,Doran's Ring,Vision Ward
2,2014-08-30,Korea Regional Finals 2014,SK Telecom T1 K,NaJin White Shield,Loss,NaJin White Shield,SK Telecom T1 K,Red,32:42,Kassadin,Orianna,3,3,4,2.33,238,,,20,Ignite,Flash,"['Rod of Ages', ""Seraph's Embrace"", 'Needlessly Large Rod', ""Sorcerer's Shoes - Homeguard"", 'EmptyIcon', 'EmptyIcon', 'Sweeping Lens']",Rod of Ages,Seraph's Embrace,Needlessly Large Rod,Sorcerer's Shoes - Homeguard,EmptyIcon,EmptyIcon
3,2014-08-30,Korea Regional Finals 2014,SK Telecom T1 K,NaJin White Shield,Loss,SK Telecom T1 K,NaJin White Shield,Blue,54:31,Orianna,Ahri,5,2,5,5.0,455,,,90,Ignite,Flash,"[""Rabadon's Deathcap"", ""Zhonya's Hourglass"", ""Banshee's Veil"", ""Athene's Unholy Grail"", 'Void Staff', ""Sorcerer's Shoes - Homeguard"", 'Sweeping Lens']",Rabadon's Deathcap,Zhonya's Hourglass,Banshee's Veil,Athene's Unholy Grail,Void Staff,Sorcerer's Shoes - Homeguard
4,2014-08-27,Korea Regional Finals 2014,SK Telecom T1 K,Samsung White,Loss,Samsung White,SK Telecom T1 K,Red,43:36,Zilean,Yasuo,8,5,9,3.4,359,17.3,,-9,Ignite,Flash,"[""Rabadon's Deathcap"", ""Liandry's Torment"", ""Seraph's Embrace"", ""Athene's Unholy Grail"", 'Void Staff', ""Sorcerer's Shoes - Homeguard"", 'Sweeping Lens']",Rabadon's Deathcap,Liandry's Torment,Seraph's Embrace,Athene's Unholy Grail,Void Staff,Sorcerer's Shoes - Homeguard
5,2014-08-27,Korea Regional Finals 2014,SK Telecom T1 K,Samsung White,Loss,SK Telecom T1 K,Samsung White,Blue,35:48,Kassadin,Talon,4,3,3,2.33,286,12.0,,-16,Ignite,Flash,"[""Zhonya's Hourglass"", 'Rod of Ages', ""Athene's Unholy Grail"", ""Sorcerer's Shoes"", 'Vision Ward', 'EmptyIcon', 'Sweeping Lens']",Zhonya's Hourglass,Rod of Ages,Athene's Unholy Grail,Sorcerer's Shoes,Vision Ward,EmptyIcon
6,2014-08-27,Korea Regional Finals 2014,SK Telecom T1 K,Samsung White,Loss,Samsung White,SK Telecom T1 K,Red,30:19,Talon,Jayce,7,8,2,1.12,170,10.1,,-36,Ignite,Flash,"[""Youmuu's Ghostblade"", 'Last Whisper', 'The Brutalizer', 'Boots of Mobility - Homeguard', 'EmptyIcon', 'EmptyIcon', 'Sweeping Lens']",Youmuu's Ghostblade,Last Whisper,The Brutalizer,Boots of Mobility - Homeguard,EmptyIcon,EmptyIcon
