,Date,Tournament,Team,OpponentTeam,W/L,Blue,Red,Side,Length,Champion,Vs,K,D,A,KDA,CS,Gold(thousand),Dmg,CSD,SpellD,SpellF,Items,Item1,Item2,Item3,Item4,Item5,Item6
0,2022-04-02,LCK 2022 Spring Playoffs,T1,Gen.G,Win,Gen.G,T1,Red,27:56,Ahri,Ryze,4,0,6,10.0,266,12.5,13.1,4,Teleport,Flash,"['Everfrost', 'Corrupting Potion', 'Broken Stopwatch', 'Ionian Boots of Lucidity', 'Horizon Focus', ""Rabadon's Deathcap"", 'Oracle Lens']",Everfrost,Corrupting Potion,Broken Stopwatch,Ionian Boots of Lucidity,Horizon Focus,Rabadon's Deathcap
1,2022-04-02,LCK 2022 Spring Playoffs,T1,Gen.G,Win,T1,Gen.G,Blue,37:27,Ahri,LeBlanc,0,0,8,8.0,293,13.9,12.2,-48,Teleport,Flash,"['Everfrost', 'Blighting Jewel', ""Zhonya's Hourglass"", 'Blasting Wand', 'Ionian Boots of Lucidity', 'Horizon Focus', 'Farsight Alteration']",Everfrost,Blighting Jewel,Zhonya's Hourglass,Blasting Wand,Ionian Boots of Lucidity,Horizon Focus
2,2022-04-02,LCK 2022 Spring Playoffs,T1,Gen.G,Loss,Gen.G,T1,Red,35:39,Ryze,Ahri,0,4,6,1.5,297,12.6,10.8,-49,Teleport,Flash,"['Everfrost', 'Corrupting Potion', 'Aegis of the Legion', 'Frozen Heart', 'Fimbulwinter', ""Mercury's Treads"", 'Oracle Lens']",Everfrost,Corrupting Potion,Aegis of the Legion,Frozen Heart,Fimbulwinter,Mercury's Treads
3,2022-04-02,LCK 2022 Spring Playoffs,T1,Gen.G,Win,Gen.G,T1,Red,30:09,Ryze,Viktor,2,2,10,6.0,302,13.0,13,12,Teleport,Flash,"['Everfrost', 'Corrupting Potion', 'Frozen Heart', ""Mercury's Treads"", 'Fimbulwinter', 'Winged Moonplate', 'Farsight Alteration']",Everfrost,Corrupting Potion,Frozen Heart,Mercury's Treads,Fimbulwinter,Winged Moonplate
4,2022-03-26,LCK 2022 Spring Playoffs,T1,Kwangdong Freecs,Win,Kwangdong Freecs,T1,Red,31:59,Vex,LeBlanc,5,1,8,13.0,249,13.4,16.4,-39,Teleport,Flash,"['Everfrost', 'Corrupting Potion', 'Void Staff', ""Mejai's Soulstealer"", 'Shadowflame', ""Sorcerer's Shoes"", 'Oracle Lens']",Everfrost,Corrupting Potion,Void Staff,Mejai's Soulstealer,Shadowflame,Sorcerer's Shoes
5,2022-03-26,LCK 2022 Spring Playoffs,T1,Kwangdong Freecs,Win,Kwangdong Freecs,T1,Red,20:17,Vex,LeBlanc,3,0,4,7.0,158,7.9,9.6,-19,Teleport,Flash,"['Everfrost', 'Corrupting Potion', 'Needlessly Large Rod', ""Sorcerer's Shoes"", 'Amplifying Tome', ""Doran's Ring"", 'Oracle Lens']",Everfrost,Corrupting Potion,Needlessly Large Rod,Sorcerer's Shoes,Amplifying Tome,Doran's Ring
6,2022-03-26,LCK 2022 Spring Playoffs,T1,Kwangdong Freecs,Win,T1,Kwangdong Freecs,Blue,26:25,Ahri,Viktor,4,1,6,10.0,235,11.1,14.6,-2,Teleport,Flash,"['Everfrost', 'Corrupting Potion', 'Needlessly Large Rod', 'Ionian Boots of Lucidity', ""Rabadon's Deathcap"", 'Dark Seal', 'Farsight Alteration']",Everfrost,Corrupting Potion,Needlessly Large Rod,Ionian Boots of Lucidity,Rabadon's Deathcap,Dark Seal
