,Date,Tournament,Team,OpponentTeam,W/L,Blue,Red,Side,Length,Champion,Vs,K,D,A,KDA,CS,Gold(thousand),Dmg,CSD,SpellD,SpellF,Items,Item1,Item2,Item3,Item4,Item5,Item6
0,2018-07-08,Rift Rivals 2018 LCK-LPL-LMS,SK Telecom T1,Royal Never Give Up,Loss,Royal Never Give Up,SK Telecom T1,Red,22:43,Mordekaiser,Lissandra,1,1,3,4.0,258,9.8,,50,Exhaust,Flash,"['Hextech Protobelt-01', ""Zhonya's Hourglass"", ""Targon's Brace"", 'Ninja Tabi', 'Refillable Potion', 'Haunting Guise', 'Warding Totem']",Hextech Protobelt-01,Zhonya's Hourglass,Targon's Brace,Ninja Tabi,Refillable Potion,Haunting Guise
1,2018-07-07,Rift Rivals 2018 LCK-LPL-LMS,SK Telecom T1,Flash Wolves,Win,SK Telecom T1,Flash Wolves,Blue,36:25,Galio,Aatrox,3,1,8,11.0,407,16.5,,46,Teleport,Flash,"[""Zhonya's Hourglass"", 'The Dark Seal', 'Rod of Ages', ""Sorcerer's Shoes"", ""Luden's Echo"", 'Void Staff', 'Warding Totem']",Zhonya's Hourglass,The Dark Seal,Rod of Ages,Sorcerer's Shoes,Luden's Echo,Void Staff
2,2018-07-06,Rift Rivals 2018 LCK-LPL-LMS,SK Telecom T1,Invictus Gaming,Loss,Invictus Gaming,SK Telecom T1,Red,27:08,Yasuo,Galio,3,4,4,1.75,228,10.1,,-5,Cleanse,Flash,"['Guardian Angel', ""Berserker's Greaves"", 'Phantom Dancer', ""Doran's Blade"", 'B. F. Sword', 'Control Ward', 'Warding Totem']",Guardian Angel,Berserker's Greaves,Phantom Dancer,Doran's Blade,B. F. Sword,Control Ward
3,2018-07-05,Rift Rivals 2018 LCK-LPL-LMS,SK Telecom T1,Machi Esports,Win,Machi Esports,SK Telecom T1,Red,34:53,Galio,Zoe,4,1,7,11.0,367,15.8,,25,Teleport,Flash,"[""Zhonya's Hourglass"", ""Rabadon's Deathcap"", 'The Dark Seal', 'Rod of Ages', ""Mercury's Treads"", ""Luden's Echo"", 'Warding Totem']",Zhonya's Hourglass,Rabadon's Deathcap,The Dark Seal,Rod of Ages,Mercury's Treads,Luden's Echo
