,Date,Tournament,Team,OpponentTeam,W/L,Blue,Red,Side,Length,Champion,Vs,K,D,A,KDA,CS,Gold(thousand),Dmg,CSD,SpellD,SpellF,Items,Item1,Item2,Item3,Item4,Item5,Item6
0,2017-04-01,LCK 2017 Spring,SK Telecom T1,MVP,Win,SK Telecom T1,MVP,Blue,31:34,Syndra,Ekko,8,4,5,3.25,293,15.5,,27,Ghost,Flash,"[""Doran's Ring"", ""Sorcerer's Shoes"", 'Morellonomicon', 'Refillable Potion', ""Luden's Echo"", 'Void Staff', 'Oracle Alteration']",Doran's Ring,Sorcerer's Shoes,Morellonomicon,Refillable Potion,Luden's Echo,Void Staff
1,2017-04-01,LCK 2017 Spring,SK Telecom T1,MVP,Win,MVP,SK Telecom T1,Red,30:14,Ahri,Syndra,2,2,10,6.0,258,12.7,,5,Exhaust,Flash,"['Needlessly Large Rod', ""Sorcerer's Shoes"", ""Doran's Ring"", 'Lich Bane', 'Abyssal Scepter', 'Void Staff', 'Oracle Alteration']",Needlessly Large Rod,Sorcerer's Shoes,Doran's Ring,Lich Bane,Abyssal Scepter,Void Staff
2,2017-03-29,LCK 2017 Spring,SK Telecom T1,ROX Tigers,Win,ROX Tigers,SK Telecom T1,Red,38:06,Ahri,Twisted Fate,3,3,9,4.0,322,15.7,,-31,Cleanse,Flash,"[""Zhonya's Hourglass"", 'Morellonomicon', ""Mercury's Treads"", ""Doran's Ring"", 'Void Staff', ""Rabadon's Deathcap"", 'Oracle Alteration']",Zhonya's Hourglass,Morellonomicon,Mercury's Treads,Doran's Ring,Void Staff,Rabadon's Deathcap
3,2017-03-29,LCK 2017 Spring,SK Telecom T1,ROX Tigers,Loss,SK Telecom T1,ROX Tigers,Blue,32:58,Orianna,Ahri,2,2,0,1.0,326,12.8,,7,Cleanse,Flash,"[""Doran's Ring"", 'Morellonomicon', 'Needlessly Large Rod', ""Sorcerer's Shoes"", 'Abyssal Scepter', 'Void Staff', 'Oracle Alteration']",Doran's Ring,Morellonomicon,Needlessly Large Rod,Sorcerer's Shoes,Abyssal Scepter,Void Staff
4,2017-03-29,LCK 2017 Spring,SK Telecom T1,ROX Tigers,Win,ROX Tigers,SK Telecom T1,Red,32:46,Cassiopeia,Talon,5,0,9,14.0,297,15.0,,46,Barrier,Flash,"[""Seraph's Embrace"", ""Zhonya's Hourglass"", 'Rod of Ages', 'Refillable Potion', 'Needlessly Large Rod', 'Morellonomicon', 'Oracle Alteration']",Seraph's Embrace,Zhonya's Hourglass,Rod of Ages,Refillable Potion,Needlessly Large Rod,Morellonomicon
5,2017-03-25,LCK 2017 Spring,SK Telecom T1,Samsung Galaxy,Loss,SK Telecom T1,Samsung Galaxy,Blue,30:03,Ahri,Syndra,0,1,5,5.0,283,10.6,,42,Exhaust,Flash,"[""Zhonya's Hourglass"", 'Abyssal Scepter', ""Doran's Ring"", ""Doran's Ring"", ""Mercury's Treads"", 'Void Staff', 'Warding Totem']",Zhonya's Hourglass,Abyssal Scepter,Doran's Ring,Doran's Ring,Mercury's Treads,Void Staff
6,2017-03-25,LCK 2017 Spring,SK Telecom T1,Samsung Galaxy,Loss,Samsung Galaxy,SK Telecom T1,Red,33:48,Talon,Ryze,2,1,1,3.0,259,10.8,,-33,Cleanse,Flash,"[""Youmuu's Ghostblade"", 'Edge of Night', 'Corrupting Potion', ""Mercury's Treads"", 'Kindlegem', 'Phage', 'Farsight Alteration']",Youmuu's Ghostblade,Edge of Night,Corrupting Potion,Mercury's Treads,Kindlegem,Phage
7,2017-03-22,LCK 2017 Spring,SK Telecom T1,Longzhu Gaming,Win,SK Telecom T1,Longzhu Gaming,Blue,35:07,Orianna,Vladimir,7,2,7,7.0,309,16.8,,47,Ghost,Flash,"[""Doran's Ring"", 'Morellonomicon', ""Luden's Echo"", ""Sorcerer's Shoes"", 'Void Staff', ""Rabadon's Deathcap"", 'Oracle Alteration']",Doran's Ring,Morellonomicon,Luden's Echo,Sorcerer's Shoes,Void Staff,Rabadon's Deathcap
8,2017-03-22,LCK 2017 Spring,SK Telecom T1,Longzhu Gaming,Win,Longzhu Gaming,SK Telecom T1,Red,32:14,Cassiopeia,Ryze,5,0,3,8.0,325,15.3,,29,Cleanse,Flash,"[""Seraph's Embrace"", 'Morellonomicon', ""Doran's Ring"", 'Rod of Ages', 'Abyssal Scepter', 'Needlessly Large Rod', 'Oracle Alteration']",Seraph's Embrace,Morellonomicon,Doran's Ring,Rod of Ages,Abyssal Scepter,Needlessly Large Rod
9,2017-03-22,LCK 2017 Spring,SK Telecom T1,Longzhu Gaming,Loss,SK Telecom T1,Longzhu Gaming,Blue,43:25,Orianna,Ryze,3,2,2,2.5,387,16.7,,-42,Cleanse,Flash,"['Haunting Guise', 'Morellonomicon', 'Void Staff', ""Sorcerer's Shoes"", ""Rabadon's Deathcap"", ""Luden's Echo"", 'Warding Totem']",Haunting Guise,Morellonomicon,Void Staff,Sorcerer's Shoes,Rabadon's Deathcap,Luden's Echo
10,2017-03-18,LCK 2017 Spring,SK Telecom T1,Bbq Olivers,Win,SK Telecom T1,Bbq Olivers,Blue,28:54,Talon,Cassiopeia,5,0,7,12.0,249,12.8,,-8,Ignite,Flash,"[""Youmuu's Ghostblade"", 'Pickaxe', 'Serrated Dirk', 'Boots of Swiftness', 'The Black Cleaver', 'Long Sword', 'Warding Totem']",Youmuu's Ghostblade,Pickaxe,Serrated Dirk,Boots of Swiftness,The Black Cleaver,Long Sword
11,2017-03-18,LCK 2017 Spring,SK Telecom T1,Bbq Olivers,Win,Bbq Olivers,SK Telecom T1,Red,43:40,Zilean,Talon,5,2,5,5.0,450,19.1,,53,Teleport,Flash,"[""Seraph's Embrace"", ""Zhonya's Hourglass"", 'Void Staff', ""Rabadon's Deathcap"", 'Morellonomicon', 'Ionian Boots of Lucidity', 'Oracle Alteration']",Seraph's Embrace,Zhonya's Hourglass,Void Staff,Rabadon's Deathcap,Morellonomicon,Ionian Boots of Lucidity
12,2017-03-15,LCK 2017 Spring,SK Telecom T1,Afreeca Freecs,Win,SK Telecom T1,Afreeca Freecs,Blue,27:06,Talon,Ryze,5,2,8,6.5,225,11.9,,2,Ignite,Flash,"[""Youmuu's Ghostblade"", 'Edge of Night', ""Mercury's Treads"", 'Corrupting Potion', 'Kindlegem', 'Phage', 'Warding Totem']",Youmuu's Ghostblade,Edge of Night,Mercury's Treads,Corrupting Potion,Kindlegem,Phage
13,2017-03-15,LCK 2017 Spring,SK Telecom T1,Afreeca Freecs,Loss,Afreeca Freecs,SK Telecom T1,Red,43:18,Vladimir,Taliyah,1,4,1,0.5,407,15.0,,39,Ghost,Flash,"['Hextech Protobelt-01', ""Zhonya's Hourglass"", 'Ionian Boots of Lucidity', 'Void Staff', ""Rabadon's Deathcap"", 'Negatron Cloak', 'Warding Totem']",Hextech Protobelt-01,Zhonya's Hourglass,Ionian Boots of Lucidity,Void Staff,Rabadon's Deathcap,Negatron Cloak
14,2017-03-15,LCK 2017 Spring,SK Telecom T1,Afreeca Freecs,Win,SK Telecom T1,Afreeca Freecs,Blue,29:43,Talon,Ryze,4,1,2,6.0,309,13.6,,65,Ignite,Flash,"[""Youmuu's Ghostblade"", 'Edge of Night', ""Mercury's Treads"", 'The Black Cleaver', 'Corrupting Potion', 'B. F. Sword', 'Warding Totem']",Youmuu's Ghostblade,Edge of Night,Mercury's Treads,The Black Cleaver,Corrupting Potion,B. F. Sword
15,2017-03-11,LCK 2017 Spring,SK Telecom T1,Kongdoo Monster,Win,Kongdoo Monster,SK Telecom T1,Red,31:05,Orianna,Ryze,3,1,7,10.0,299,13.8,,37,Cleanse,Flash,"[""Doran's Ring"", 'Morellonomicon', 'Needlessly Large Rod', ""Sorcerer's Shoes"", ""Luden's Echo"", 'Void Staff', 'Farsight Alteration']",Doran's Ring,Morellonomicon,Needlessly Large Rod,Sorcerer's Shoes,Luden's Echo,Void Staff
16,2017-03-11,LCK 2017 Spring,SK Telecom T1,Kongdoo Monster,Win,SK Telecom T1,Kongdoo Monster,Blue,28:21,Ryze,Jayce,6,2,7,6.5,234,13.0,,-33,Exhaust,Flash,"[""Seraph's Embrace"", ""Zhonya's Hourglass"", 'Rod of Ages', 'Blasting Wand', 'Ionian Boots of Lucidity', 'EmptyIcon', 'Warding Totem']",Seraph's Embrace,Zhonya's Hourglass,Rod of Ages,Blasting Wand,Ionian Boots of Lucidity,EmptyIcon
17,2017-03-07,LCK 2017 Spring,SK Telecom T1,Jin Air Green Wings,Win,Jin Air Green Wings,SK Telecom T1,Red,50:50,Syndra,Viktor,7,4,5,3.0,460,21.6,,74,Ghost,Flash,"[""Zhonya's Hourglass"", ""Rabadon's Deathcap"", ""Sorcerer's Shoes"", 'Morellonomicon', 'Void Staff', ""Rylai's Crystal Scepter"", 'Oracle Alteration']",Zhonya's Hourglass,Rabadon's Deathcap,Sorcerer's Shoes,Morellonomicon,Void Staff,Rylai's Crystal Scepter
18,2017-03-07,LCK 2017 Spring,SK Telecom T1,Jin Air Green Wings,Win,SK Telecom T1,Jin Air Green Wings,Blue,39:07,Jayce,Viktor,4,3,5,3.0,363,16.8,,-22,Exhaust,Flash,"[""Youmuu's Ghostblade"", 'Edge of Night', 'Mortal Reminder', 'Muramana', 'Vampiric Scepter', 'Ionian Boots of Lucidity', 'Warding Totem']",Youmuu's Ghostblade,Edge of Night,Mortal Reminder,Muramana,Vampiric Scepter,Ionian Boots of Lucidity
19,2017-03-05,LCK 2017 Spring,SK Telecom T1,KT Rolster,Win,SK Telecom T1,KT Rolster,Blue,48:21,Zilean,Jayce,3,2,11,7.0,450,21.4,,70,Teleport,Flash,"[""Seraph's Embrace"", 'Rod of Ages', 'Morellonomicon', ""Rabadon's Deathcap"", ""Sorcerer's Shoes"", 'Void Staff', 'Warding Totem']",Seraph's Embrace,Rod of Ages,Morellonomicon,Rabadon's Deathcap,Sorcerer's Shoes,Void Staff
20,2017-03-05,LCK 2017 Spring,SK Telecom T1,KT Rolster,Loss,KT Rolster,SK Telecom T1,Red,38:49,Corki,Viktor,3,1,0,3.0,385,16.5,,44,Exhaust,Flash,"['Quicksilver Sash', 'Vampiric Scepter', 'Rapid Firecannon', ""Sorcerer's Shoes"", 'Infinity Edge', 'Trinity Force (0.9.25.21 - 10.22)', 'Oracle Alteration']",Quicksilver Sash,Vampiric Scepter,Rapid Firecannon,Sorcerer's Shoes,Infinity Edge,Trinity Force (0.9.25.21 - 10.22)
21,2017-03-05,LCK 2017 Spring,SK Telecom T1,KT Rolster,Win,SK Telecom T1,KT Rolster,Blue,35:29,Orianna,Talon,1,2,12,6.5,331,14.9,,16,Barrier,Flash,"[""Zhonya's Hourglass"", ""Sorcerer's Shoes"", 'Needlessly Large Rod', 'Morellonomicon', ""Doran's Ring"", 'Void Staff', 'Warding Totem']",Zhonya's Hourglass,Sorcerer's Shoes,Needlessly Large Rod,Morellonomicon,Doran's Ring,Void Staff
22,2017-03-02,LCK 2017 Spring,SK Telecom T1,KT Rolster,Win,KT Rolster,SK Telecom T1,Red,53:31,Zed,Jayce,12,5,16,5.6,420,24.4,,50,Ignite,Flash,"[""Youmuu's Ghostblade"", 'Edge of Night', 'The Black Cleaver', 'Ninja Tabi', ""Sterak's Gage"", 'Guardian Angel', 'Warding Totem']",Youmuu's Ghostblade,Edge of Night,The Black Cleaver,Ninja Tabi,Sterak's Gage,Guardian Angel
23,2017-03-02,LCK 2017 Spring,SK Telecom T1,KT Rolster,Loss,SK Telecom T1,KT Rolster,Blue,37:40,Orianna,Zed,4,4,4,2.0,326,13.8,,25,Exhaust,Flash,"[""Zhonya's Hourglass"", 'Void Staff', 'EmptyIcon', 'Morellonomicon', ""Luden's Echo"", ""Sorcerer's Shoes"", 'Warding Totem']",Zhonya's Hourglass,Void Staff,EmptyIcon,Morellonomicon,Luden's Echo,Sorcerer's Shoes
24,2017-03-02,LCK 2017 Spring,SK Telecom T1,KT Rolster,Win,KT Rolster,SK Telecom T1,Red,41:59,Ryze,Jayce,3,3,5,2.67,418,17.4,,26,Ghost,Flash,"[""Seraph's Embrace"", ""Zhonya's Hourglass"", 'Rod of Ages', 'Ionian Boots of Lucidity', ""Rabadon's Deathcap"", 'Void Staff', 'Warding Totem']",Seraph's Embrace,Zhonya's Hourglass,Rod of Ages,Ionian Boots of Lucidity,Rabadon's Deathcap,Void Staff
25,2017-02-16,LCK 2017 Spring,SK Telecom T1,Samsung Galaxy,Win,Samsung Galaxy,SK Telecom T1,Red,42:05,Corki,Viktor,7,3,5,4.0,421,20.0,,19,Exhaust,Flash,"['B. F. Sword', 'Trinity Force (0.9.25.21 - 10.22)', ""Sorcerer's Shoes"", 'Maw of Malmortius', 'Infinity Edge', 'Rapid Firecannon', 'Warding Totem']",B. F. Sword,Trinity Force (0.9.25.21 - 10.22),Sorcerer's Shoes,Maw of Malmortius,Infinity Edge,Rapid Firecannon
26,2017-02-16,LCK 2017 Spring,SK Telecom T1,Samsung Galaxy,Win,SK Telecom T1,Samsung Galaxy,Blue,39:42,Orianna,Ryze,4,3,6,3.33,342,16.7,,-46,Cleanse,Flash,"[""Doran's Ring"", ""Luden's Echo"", ""Sorcerer's Shoes"", 'Morellonomicon', ""Rabadon's Deathcap"", 'Void Staff', 'Warding Totem']",Doran's Ring,Luden's Echo,Sorcerer's Shoes,Morellonomicon,Rabadon's Deathcap,Void Staff
27,2017-02-14,LCK 2017 Spring,SK Telecom T1,Longzhu Gaming,Win,Longzhu Gaming,SK Telecom T1,Red,30:08,Jayce,Zilean,5,0,6,11.0,270,14.2,,41,Ghost,Flash,"[""Youmuu's Ghostblade"", 'Edge of Night', 'Ionian Boots of Lucidity', ""Doran's Blade"", 'Muramana', ""Lord Dominik's Regards"", 'Warding Totem']",Youmuu's Ghostblade,Edge of Night,Ionian Boots of Lucidity,Doran's Blade,Muramana,Lord Dominik's Regards
28,2017-02-14,LCK 2017 Spring,SK Telecom T1,Longzhu Gaming,Win,SK Telecom T1,Longzhu Gaming,Blue,34:43,Corki,Zilean,1,2,6,3.5,341,15.1,,31,Exhaust,Flash,"[""Doran's Blade"", 'Trinity Force (0.9.25.21 - 10.22)', 'Vampiric Scepter', ""Sorcerer's Shoes"", 'Rapid Firecannon', 'Infinity Edge', 'Warding Totem']",Doran's Blade,Trinity Force (0.9.25.21 - 10.22),Vampiric Scepter,Sorcerer's Shoes,Rapid Firecannon,Infinity Edge
29,2017-02-14,LCK 2017 Spring,SK Telecom T1,Longzhu Gaming,Loss,Longzhu Gaming,SK Telecom T1,Red,49:16,Syndra,Ekko,2,3,3,1.67,567,21.7,,106,Ghost,Flash,"[""Zhonya's Hourglass"", ""Sorcerer's Shoes"", 'Morellonomicon', ""Luden's Echo"", ""Rabadon's Deathcap"", 'Void Staff', 'Warding Totem']",Zhonya's Hourglass,Sorcerer's Shoes,Morellonomicon,Luden's Echo,Rabadon's Deathcap,Void Staff
30,2017-02-12,LCK 2017 Spring,SK Telecom T1,Bbq Olivers,Win,Bbq Olivers,SK Telecom T1,Red,33:52,Jayce,Taliyah,4,2,6,5.0,301,15.0,,41,Heal,Flash,"[""Youmuu's Ghostblade"", 'Edge of Night', 'Muramana', 'Ionian Boots of Lucidity', 'B. F. Sword', 'Mortal Reminder', 'Warding Totem']",Youmuu's Ghostblade,Edge of Night,Muramana,Ionian Boots of Lucidity,B. F. Sword,Mortal Reminder
31,2017-02-12,LCK 2017 Spring,SK Telecom T1,Bbq Olivers,Win,SK Telecom T1,Bbq Olivers,Blue,27:54,Ryze,Cassiopeia,4,0,2,6.0,324,13.7,,54,Ghost,Flash,"[""Seraph's Embrace"", 'Refillable Potion', 'Rod of Ages', 'Ionian Boots of Lucidity', 'Abyssal Scepter', 'Blasting Wand', 'Warding Totem']",Seraph's Embrace,Refillable Potion,Rod of Ages,Ionian Boots of Lucidity,Abyssal Scepter,Blasting Wand
32,2017-02-09,LCK 2017 Spring,SK Telecom T1,Afreeca Freecs,Loss,SK Telecom T1,Afreeca Freecs,Blue,33:54,Ryze,Cassiopeia,1,4,2,0.75,334,13.2,,80,Ghost,Flash,"[""Seraph's Embrace"", 'Refillable Potion', 'Ionian Boots of Lucidity', 'Rod of Ages', 'Abyssal Scepter', 'Void Staff', 'Warding Totem']",Seraph's Embrace,Refillable Potion,Ionian Boots of Lucidity,Rod of Ages,Abyssal Scepter,Void Staff
33,2017-02-09,LCK 2017 Spring,SK Telecom T1,Afreeca Freecs,Loss,Afreeca Freecs,SK Telecom T1,Red,45:34,Katarina,Corki,2,3,2,1.33,340,15.8,,35,Exhaust,Flash,"['Hextech Gunblade', ""Zhonya's Hourglass"", ""Sorcerer's Shoes"", 'Abyssal Scepter', 'Needlessly Large Rod', 'Void Staff', 'Warding Totem']",Hextech Gunblade,Zhonya's Hourglass,Sorcerer's Shoes,Abyssal Scepter,Needlessly Large Rod,Void Staff
34,2017-02-05,LCK 2017 Spring,SK Telecom T1,MVP,Win,MVP,SK Telecom T1,Red,40:32,Ryze,Corki,11,3,3,4.67,462,22.3,,182,Ghost,Flash,"[""Seraph's Embrace"", 'Void Staff', 'Rod of Ages', 'Abyssal Scepter', 'Ionian Boots of Lucidity', ""Rabadon's Deathcap"", 'Warding Totem']",Seraph's Embrace,Void Staff,Rod of Ages,Abyssal Scepter,Ionian Boots of Lucidity,Rabadon's Deathcap
35,2017-02-05,LCK 2017 Spring,SK Telecom T1,MVP,Win,SK Telecom T1,MVP,Blue,27:47,Corki,Cassiopeia,8,1,5,13.0,264,14.2,,21,Exhaust,Flash,"[""Doran's Blade"", 'Trinity Force (0.9.25.21 - 10.22)', ""Sorcerer's Shoes"", 'Infinity Edge', 'Rapid Firecannon', 'Vampiric Scepter', 'Warding Totem']",Doran's Blade,Trinity Force (0.9.25.21 - 10.22),Sorcerer's Shoes,Infinity Edge,Rapid Firecannon,Vampiric Scepter
36,2017-01-24,LCK 2017 Spring,SK Telecom T1,ROX Tigers,Win,ROX Tigers,SK Telecom T1,Red,26:29,Katarina,Ryze,8,1,4,12.0,241,13.1,,35,Ignite,Flash,"['Hextech Gunblade', 'Quicksilver Sash', ""Mercury's Treads"", 'Abyssal Scepter', 'Refillable Potion', ""Seeker's Armguard"", 'Warding Totem']",Hextech Gunblade,Quicksilver Sash,Mercury's Treads,Abyssal Scepter,Refillable Potion,Seeker's Armguard
37,2017-01-24,LCK 2017 Spring,SK Telecom T1,ROX Tigers,Win,SK Telecom T1,ROX Tigers,Blue,31:34,Cassiopeia,Corki,6,2,1,3.5,299,15.0,,-13,Cleanse,Flash,"[""Seraph's Embrace"", ""Doran's Ring"", 'Refillable Potion', 'Abyssal Scepter', ""Rylai's Crystal Scepter"", ""Rabadon's Deathcap"", 'Warding Totem']",Seraph's Embrace,Doran's Ring,Refillable Potion,Abyssal Scepter,Rylai's Crystal Scepter,Rabadon's Deathcap
38,2017-01-22,LCK 2017 Spring,SK Telecom T1,Kongdoo Monster,Win,SK Telecom T1,Kongdoo Monster,Blue,26:27,Katarina,Cassiopeia,7,2,6,6.5,200,12.3,,-12,Ignite,Flash,"['Hextech Gunblade', ""Zhonya's Hourglass"", 'The Dark Seal', 'Refillable Potion', ""Mercury's Treads"", 'Needlessly Large Rod', 'Warding Totem']",Hextech Gunblade,Zhonya's Hourglass,The Dark Seal,Refillable Potion,Mercury's Treads,Needlessly Large Rod
39,2017-01-22,LCK 2017 Spring,SK Telecom T1,Kongdoo Monster,Win,Kongdoo Monster,SK Telecom T1,Red,33:15,Corki,Jayce,7,1,6,13.0,374,17.4,,79,Exhaust,Flash,"['Vampiric Scepter', 'Trinity Force (0.9.25.21 - 10.22)', 'Rapid Firecannon', ""Sorcerer's Shoes"", 'Infinity Edge', 'Maw of Malmortius', 'Warding Totem']",Vampiric Scepter,Trinity Force (0.9.25.21 - 10.22),Rapid Firecannon,Sorcerer's Shoes,Infinity Edge,Maw of Malmortius
40,2017-01-18,LCK 2017 Spring,SK Telecom T1,Jin Air Green Wings,Win,SK Telecom T1,Jin Air Green Wings,Blue,39:42,Katarina,Lissandra,8,2,6,7.0,331,17.3,,-19,Ignite,Flash,"['Hextech Gunblade', ""Zhonya's Hourglass"", ""Mercury's Treads"", 'The Dark Seal', ""Rabadon's Deathcap"", 'Void Staff', 'Warding Totem']",Hextech Gunblade,Zhonya's Hourglass,Mercury's Treads,The Dark Seal,Rabadon's Deathcap,Void Staff
41,2017-01-18,LCK 2017 Spring,SK Telecom T1,Jin Air Green Wings,Win,Jin Air Green Wings,SK Telecom T1,Red,44:48,Orianna,Cassiopeia,8,4,8,4.0,366,20.0,,-21,Ghost,Flash,"[""Zhonya's Hourglass"", 'Morellonomicon', 'Void Staff', ""Sorcerer's Shoes"", ""Luden's Echo"", ""Rabadon's Deathcap"", 'Warding Totem']",Zhonya's Hourglass,Morellonomicon,Void Staff,Sorcerer's Shoes,Luden's Echo,Rabadon's Deathcap
