,Date,Tournament,Team,OpponentTeam,W/L,Blue,Red,Side,Length,Champion,Vs,K,D,A,KDA,CS,Gold(thousand),Dmg,CSD,SpellD,SpellF,Items,Item1,Item2,Item3,Item4,Item5,Item6
0,2013-09-07,Korea Regional Finals Season 3,SK Telecom T1,KT Rolster Bullets,Win,SK Telecom T1,KT Rolster Bullets,Blue,21:38,Ahri,Syndra,8,1,9,17.0,179,,,53,Ignite,Flash,"[""Doran's Ring"", ""Doran's Ring"", ""Sorcerer's Shoes"", 'Haunting Guise', 'Deathfire Grasp', 'EmptyIcon']",Doran's Ring,Doran's Ring,Sorcerer's Shoes,Haunting Guise,Deathfire Grasp,EmptyIcon
1,2013-09-07,Korea Regional Finals Season 3,SK Telecom T1,KT Rolster Bullets,Win,KT Rolster Bullets,SK Telecom T1,Red,22:59,Orianna,Karthus,5,1,7,12.0,210,,,26,Ignite,Flash,"[""Rabadon's Deathcap"", ""Athene's Unholy Grail"", ""Sorcerer's Shoes"", 'Amplifying Tome', ""Doran's Ring"", ""Doran's Ring""]",Rabadon's Deathcap,Athene's Unholy Grail,Sorcerer's Shoes,Amplifying Tome,Doran's Ring,Doran's Ring
2,2013-09-07,Korea Regional Finals Season 3,SK Telecom T1,KT Rolster Bullets,Win,SK Telecom T1,KT Rolster Bullets,Blue,36:43,Ahri,Gragas,10,1,10,20.0,325,,,19,Ignite,Flash,"[""Sorcerer's Shoes"", 'Haunting Guise', 'Needlessly Large Rod', 'Void Staff', 'Deathfire Grasp', ""Rabadon's Deathcap""]",Sorcerer's Shoes,Haunting Guise,Needlessly Large Rod,Void Staff,Deathfire Grasp,Rabadon's Deathcap
3,2013-09-07,Korea Regional Finals Season 3,SK Telecom T1,KT Rolster Bullets,Loss,KT Rolster Bullets,SK Telecom T1,Red,40:40,Gragas,Fizz,5,7,6,1.57,353,,,80,Ignite,Flash,"[""Rabadon's Deathcap"", ""Zhonya's Hourglass"", ""Athene's Unholy Grail"", ""Sorcerer's Shoes - Homeguard"", 'Blasting Wand', ""Doran's Ring""]",Rabadon's Deathcap,Zhonya's Hourglass,Athene's Unholy Grail,Sorcerer's Shoes - Homeguard,Blasting Wand,Doran's Ring
