,Date,Tournament,Team,OpponentTeam,W/L,Blue,Red,Side,Length,Champion,Vs,K,D,A,KDA,CS,Gold(thousand),Dmg,CSD,SpellD,SpellF,Items,Item1,Item2,Item3,Item4,Item5,Item6
0,2022-08-28,LCK 2022 Summer Playoffs,T1,Gen.G,Loss,Gen.G,T1,Red,34:29,Ahri,Azir,0,2,2,1.0,273,11.8,6.4,-32,Teleport,Flash,"['Everfrost', 'Control Ward', ""Zhonya's Hourglass"", ""Banshee's Veil"", 'Blasting Wand', 'Ionian Boots of Lucidity', 'Oracle Lens']",Everfrost,Control Ward,Zhonya's Hourglass,Banshee's Veil,Blasting Wand,Ionian Boots of Lucidity
1,2022-08-28,LCK 2022 Summer Playoffs,T1,Gen.G,Loss,T1,Gen.G,Blue,26:13,Renekton,Sylas,1,5,0,0.2,216,8.6,8,-46,Teleport,Flash,"['Goredrinker', 'Vampiric Scepter', 'EmptyIcon', ""Doran's Blade"", ""Mercury's Treads"", 'Recurve Bow', 'Farsight Alteration']",Goredrinker,Vampiric Scepter,EmptyIcon,Doran's Blade,Mercury's Treads,Recurve Bow
2,2022-08-28,LCK 2022 Summer Playoffs,T1,Gen.G,Loss,T1,Gen.G,Blue,38:14,Ahri,Azir,2,4,4,1.5,315,14.1,13.1,-39,Teleport,Flash,"['Eternal Winter', ""Rabadon's Deathcap"", ""Zhonya's Hourglass"", 'Void Staff', 'Ionian Boots of Lucidity', 'Dark Seal', 'Oracle Lens']",Eternal Winter,Rabadon's Deathcap,Zhonya's Hourglass,Void Staff,Ionian Boots of Lucidity,Dark Seal
3,2022-08-21,LCK 2022 Summer Playoffs,T1,DWG KIA,Win,T1,DWG KIA,Blue,42:53,Galio,Yasuo,1,1,6,7.0,338,15.3,7.3,-92,Teleport,Flash,"['Everfrost', 'EmptyIcon', ""Zhonya's Hourglass"", ""Sorcerer's Shoes"", ""Banshee's Veil"", ""Rabadon's Deathcap"", 'Farsight Alteration']",Everfrost,EmptyIcon,Zhonya's Hourglass,Sorcerer's Shoes,Banshee's Veil,Rabadon's Deathcap
4,2022-08-21,LCK 2022 Summer Playoffs,T1,DWG KIA,Loss,T1,DWG KIA,Blue,32:50,Azir,Sylas,0,3,3,1.0,258,12.1,13.8,0,Teleport,Flash,"['Blasting Wand', 'Morellonomicon', ""Zhonya's Hourglass"", 'Crown of the Shattered Queen', 'Dark Seal', ""Sorcerer's Shoes"", 'Farsight Alteration']",Blasting Wand,Morellonomicon,Zhonya's Hourglass,Crown of the Shattered Queen,Dark Seal,Sorcerer's Shoes
5,2022-08-21,LCK 2022 Summer Playoffs,T1,DWG KIA,Loss,DWG KIA,T1,Red,38:17,Lissandra,Swain,0,4,6,1.5,326,13.4,16,46,Teleport,Flash,"['Blighting Jewel', ""Rabadon's Deathcap"", ""Zhonya's Hourglass"", ""Mercury's Treads"", ""Luden's Tempest"", 'Dark Seal', 'Oracle Lens']",Blighting Jewel,Rabadon's Deathcap,Zhonya's Hourglass,Mercury's Treads,Luden's Tempest,Dark Seal
6,2022-08-21,LCK 2022 Summer Playoffs,T1,DWG KIA,Win,DWG KIA,T1,Red,25:36,Sylas,LeBlanc,4,2,7,5.5,203,10.6,11.7,3,Teleport,Flash,"['Everfrost', 'Control Ward', ""Zhonya's Hourglass"", 'Shadowflame', ""Doran's Ring"", ""Mercury's Treads"", 'Oracle Lens']",Everfrost,Control Ward,Zhonya's Hourglass,Shadowflame,Doran's Ring,Mercury's Treads
7,2022-08-21,LCK 2022 Summer Playoffs,T1,DWG KIA,Win,T1,DWG KIA,Blue,25:04,Azir,Taliyah,5,1,7,12.0,235,11.8,19.8,60,Teleport,Flash,"['EmptyIcon', 'Void Staff', ""Zhonya's Hourglass"", ""Sorcerer's Shoes"", 'Dark Seal', 'Crown of the Shattered Queen', 'Oracle Lens']",EmptyIcon,Void Staff,Zhonya's Hourglass,Sorcerer's Shoes,Dark Seal,Crown of the Shattered Queen
